date,store_nbr,item_nbr,family,onpromotion,unit_sales,current_stock,unit_cost
2017-08-01,1,SKU-103159,GROCERY I,0,65.7,201,13.73
2017-08-02,1,SKU-103159,GROCERY I,0,64.9,700,13.73
2017-08-03,1,SKU-103159,GROCERY I,1,86.6,254,13.73
2017-08-04,1,SKU-103159,GROCERY I,0,66.0,762,13.73
2017-08-05,1,SKU-103159,GROCERY I,1,119.0,942,13.73
2017-08-06,1,SKU-103159,GROCERY I,0,85.8,116,13.73
2017-08-07,1,SKU-103159,GROCERY I,0,63.9,370,13.73
2017-08-08,1,SKU-103159,GROCERY I,0,64.9,562,13.73
2017-08-09,1,SKU-103159,GROCERY I,1,87.8,676,13.73
2017-08-10,1,SKU-103159,GROCERY I,0,70.1,293,13.73
2017-08-11,1,SKU-103159,GROCERY I,1,88.7,1002,13.73
2017-08-12,1,SKU-103159,GROCERY I,0,83.1,232,13.73
2017-08-13,1,SKU-103159,GROCERY I,0,87.7,788,13.73
2017-08-14,1,SKU-103159,GROCERY I,0,70.3,462,13.73
2017-08-15,1,SKU-103159,GROCERY I,1,87.9,1114,13.73
2017-08-16,1,SKU-103159,GROCERY I,0,67.5,405,13.73
2017-08-01,1,SKU-896714,GROCERY I,0,178.3,1148,41.41
2017-08-02,1,SKU-896714,GROCERY I,0,187.1,1154,41.41
2017-08-03,1,SKU-896714,GROCERY I,0,194.8,1486,41.41
2017-08-04,1,SKU-896714,GROCERY I,0,194.1,431,41.41
2017-08-05,1,SKU-896714,GROCERY I,0,241.7,889,41.41
2017-08-06,1,SKU-896714,GROCERY I,1,309.3,153,41.41
2017-08-07,1,SKU-896714,GROCERY I,0,180.0,1912,41.41
2017-08-08,1,SKU-896714,GROCERY I,0,193.5,2123,41.41
2017-08-09,1,SKU-896714,GROCERY I,0,191.2,1721,41.41
2017-08-10,1,SKU-896714,GROCERY I,0,191.8,1545,41.41
2017-08-11,1,SKU-896714,GROCERY I,0,188.2,792,41.41
2017-08-12,1,SKU-896714,GROCERY I,0,237.2,784,41.41
2017-08-13,1,SKU-896714,GROCERY I,0,222.8,1901,41.41
2017-08-14,1,SKU-896714,GROCERY I,0,190.3,1005,41.41
2017-08-15,1,SKU-896714,GROCERY I,0,183.9,1678,41.41
2017-08-16,1,SKU-896714,GROCERY I,0,194.2,2545,41.41
2017-08-01,1,SKU-647678,GROCERY I,0,116.8,1210,18.64
2017-08-02,1,SKU-647678,GROCERY I,0,121.5,1657,18.64
2017-08-03,1,SKU-647678,GROCERY I,0,123.6,685,18.64
2017-08-04,1,SKU-647678,GROCERY I,1,170.1,582,18.64
2017-08-05,1,SKU-647678,GROCERY I,0,147.1,1983,18.64
2017-08-06,1,SKU-647678,GROCERY I,0,158.9,715,18.64
2017-08-07,1,SKU-647678,GROCERY I,0,127.7,1568,18.64
2017-08-08,1,SKU-647678,GROCERY I,0,122.4,603,18.64
2017-08-09,1,SKU-647678,GROCERY I,0,119.8,570,18.64
2017-08-10,1,SKU-647678,GROCERY I,0,118.0,892,18.64
2017-08-11,1,SKU-647678,GROCERY I,0,119.2,1235,18.64
2017-08-12,1,SKU-647678,GROCERY I,0,152.0,873,18.64
2017-08-13,1,SKU-647678,GROCERY I,0,156.4,815,18.64
2017-08-14,1,SKU-647678,GROCERY I,0,126.5,1737,18.64
2017-08-15,1,SKU-647678,GROCERY I,0,122.4,592,18.64
2017-08-16,1,SKU-647678,GROCERY I,0,119.8,1075,18.64
2017-08-01,1,SKU-281172,GROCERY I,0,182.8,94,31.91
2017-08-02,1,SKU-281172,GROCERY I,0,176.4,198,31.91
2017-08-03,1,SKU-281172,GROCERY I,1,236.3,909,31.91
2017-08-04,1,SKU-281172,GROCERY I,0,180.8,2112,31.91
2017-08-05,1,SKU-281172,GROCERY I,0,224.9,724,31.91
2017-08-06,1,SKU-281172,GROCERY I,0,212.6,1459,31.91
2017-08-07,1,SKU-281172,GROCERY I,0,184.3,990,31.91
2017-08-08,1,SKU-281172,GROCERY I,1,241.2,3131,31.91
2017-08-09,1,SKU-281172,GROCERY I,0,173.7,2158,31.91
2017-08-10,1,SKU-281172,GROCERY I,0,170.5,205,31.91
2017-08-11,1,SKU-281172,GROCERY I,1,227.1,2740,31.91
2017-08-12,1,SKU-281172,GROCERY I,0,212.4,1200,31.91
2017-08-13,1,SKU-281172,GROCERY I,0,226.2,2154,31.91
2017-08-14,1,SKU-281172,GROCERY I,0,168.8,1554,31.91
2017-08-15,1,SKU-281172,GROCERY I,1,244.1,2837,31.91
2017-08-16,1,SKU-281172,GROCERY I,0,183.8,835,31.91
2017-08-01,1,SKU-226718,GROCERY I,0,237.5,844,42.47
2017-08-02,1,SKU-226718,GROCERY I,0,253.8,540,42.47
2017-08-03,1,SKU-226718,GROCERY I,1,322.6,3653,42.47
2017-08-04,1,SKU-226718,GROCERY I,1,327.1,1678,42.47
2017-08-05,1,SKU-226718,GROCERY I,1,417.5,4003,42.47
2017-08-06,1,SKU-226718,GROCERY I,0,297.6,3521,42.47
2017-08-07,1,SKU-226718,GROCERY I,0,254.6,900,42.47
2017-08-08,1,SKU-226718,GROCERY I,1,322.4,1441,42.47
2017-08-09,1,SKU-226718,GROCERY I,0,250.1,1954,42.47
2017-08-10,1,SKU-226718,GROCERY I,1,323.2,3134,42.47
2017-08-11,1,SKU-226718,GROCERY I,1,318.0,1789,42.47
2017-08-12,1,SKU-226718,GROCERY I,0,303.9,1377,42.47
2017-08-13,1,SKU-226718,GROCERY I,0,299.6,2978,42.47
2017-08-14,1,SKU-226718,GROCERY I,1,331.7,2843,42.47
2017-08-15,1,SKU-226718,GROCERY I,0,253.0,1018,42.47
2017-08-16,1,SKU-226718,GROCERY I,0,255.8,2136,42.47
2017-08-01,1,SKU-529960,GROCERY I,0,251.5,3370,18.54
2017-08-02,1,SKU-529960,GROCERY I,1,337.0,3285,18.54
2017-08-03,1,SKU-529960,GROCERY I,0,255.2,2964,18.54
2017-08-04,1,SKU-529960,GROCERY I,0,246.0,3304,18.54
2017-08-05,1,SKU-529960,GROCERY I,1,406.1,1153,18.54
2017-08-06,1,SKU-529960,GROCERY I,1,426.7,3426,18.54
2017-08-07,1,SKU-529960,GROCERY I,0,260.3,850,18.54
2017-08-08,1,SKU-529960,GROCERY I,0,243.6,3137,18.54
2017-08-09,1,SKU-529960,GROCERY I,1,347.1,1838,18.54
2017-08-10,1,SKU-529960,GROCERY I,1,347.8,3657,18.54
2017-08-11,1,SKU-529960,GROCERY I,1,333.5,2856,18.54
2017-08-12,1,SKU-529960,GROCERY I,1,439.4,3470,18.54
2017-08-13,1,SKU-529960,GROCERY I,0,321.1,2371,18.54
2017-08-14,1,SKU-529960,GROCERY I,0,260.0,1255,18.54
2017-08-15,1,SKU-529960,GROCERY I,0,254.7,1748,18.54
2017-08-16,1,SKU-529960,GROCERY I,0,247.6,336,18.54
2017-08-01,1,SKU-428885,GROCERY I,1,274.7,1326,36.96
2017-08-02,1,SKU-428885,GROCERY I,0,212.4,575,36.96
2017-08-03,1,SKU-428885,GROCERY I,0,210.5,1155,36.96
2017-08-04,1,SKU-428885,GROCERY I,1,284.2,114,36.96
2017-08-05,1,SKU-428885,GROCERY I,0,277.9,3737,36.96
2017-08-06,1,SKU-428885,GROCERY I,0,264.7,3478,36.96
2017-08-07,1,SKU-428885,GROCERY I,0,219.8,2359,36.96
2017-08-08,1,SKU-428885,GROCERY I,0,212.0,560,36.96
2017-08-09,1,SKU-428885,GROCERY I,0,218.4,2734,36.96
2017-08-10,1,SKU-428885,GROCERY I,1,285.8,355,36.96
2017-08-11,1,SKU-428885,GROCERY I,0,209.8,1367,36.96
2017-08-12,1,SKU-428885,GROCERY I,0,255.1,3534,36.96
2017-08-13,1,SKU-428885,GROCERY I,0,277.7,2084,36.96
2017-08-14,1,SKU-428885,GROCERY I,0,218.8,2177,36.96
2017-08-15,1,SKU-428885,GROCERY I,0,212.8,269,36.96
2017-08-16,1,SKU-428885,GROCERY I,0,221.2,297,36.96
2017-08-01,1,SKU-459553,GROCERY I,0,81.4,1130,8.1
2017-08-02,1,SKU-459553,GROCERY I,0,79.7,670,8.1
2017-08-03,1,SKU-459553,GROCERY I,0,79.4,419,8.1
2017-08-04,1,SKU-459553,GROCERY I,1,107.6,1138,8.1
2017-08-05,1,SKU-459553,GROCERY I,0,95.4,532,8.1
2017-08-06,1,SKU-459553,GROCERY I,1,139.0,837,8.1
2017-08-07,1,SKU-459553,GROCERY I,1,105.1,441,8.1
2017-08-08,1,SKU-459553,GROCERY I,1,108.6,316,8.1
2017-08-09,1,SKU-459553,GROCERY I,0,78.1,212,8.1
2017-08-10,1,SKU-459553,GROCERY I,1,106.4,189,8.1
2017-08-11,1,SKU-459553,GROCERY I,0,81.7,846,8.1
2017-08-12,1,SKU-459553,GROCERY I,1,127.5,1599,8.1
2017-08-13,1,SKU-459553,GROCERY I,0,100.2,1346,8.1
2017-08-14,1,SKU-459553,GROCERY I,0,78.0,63,8.1
2017-08-15,1,SKU-459553,GROCERY I,0,76.2,972,8.1
2017-08-16,1,SKU-459553,GROCERY I,0,79.2,955,8.1
2017-08-01,1,SKU-311670,GROCERY I,0,95.4,52,10.54
2017-08-02,1,SKU-311670,GROCERY I,0,100.3,997,10.54
2017-08-03,1,SKU-311670,GROCERY I,0,95.4,395,10.54
2017-08-04,1,SKU-311670,GROCERY I,0,102.6,1075,10.54
2017-08-05,1,SKU-311670,GROCERY I,0,123.3,1668,10.54
2017-08-06,1,SKU-311670,GROCERY I,0,129.1,485,10.54
2017-08-07,1,SKU-311670,GROCERY I,0,102.0,982,10.54
2017-08-08,1,SKU-311670,GROCERY I,0,99.7,791,10.54
2017-08-09,1,SKU-311670,GROCERY I,1,130.9,652,10.54
2017-08-10,1,SKU-311670,GROCERY I,1,131.4,1009,10.54
2017-08-11,1,SKU-311670,GROCERY I,1,140.6,862,10.54
2017-08-12,1,SKU-311670,GROCERY I,0,129.6,1463,10.54
2017-08-13,1,SKU-311670,GROCERY I,1,168.6,771,10.54
2017-08-14,1,SKU-311670,GROCERY I,0,102.9,1274,10.54
2017-08-15,1,SKU-311670,GROCERY I,0,98.5,646,10.54
2017-08-16,1,SKU-311670,GROCERY I,1,136.3,783,10.54
2017-08-01,1,SKU-868731,GROCERY I,0,89.1,1122,29.05
2017-08-02,1,SKU-868731,GROCERY I,0,91.4,269,29.05
2017-08-03,1,SKU-868731,GROCERY I,0,90.3,734,29.05
2017-08-04,1,SKU-868731,GROCERY I,0,91.2,354,29.05
2017-08-05,1,SKU-868731,GROCERY I,0,108.4,1168,29.05
2017-08-06,1,SKU-868731,GROCERY I,1,148.8,427,29.05
2017-08-07,1,SKU-868731,GROCERY I,0,94.2,1066,29.05
2017-08-08,1,SKU-868731,GROCERY I,0,89.8,374,29.05
2017-08-09,1,SKU-868731,GROCERY I,0,91.9,581,29.05
2017-08-10,1,SKU-868731,GROCERY I,1,121.7,254,29.05
2017-08-11,1,SKU-868731,GROCERY I,0,89.6,1174,29.05
2017-08-12,1,SKU-868731,GROCERY I,0,112.5,1028,29.05
2017-08-13,1,SKU-868731,GROCERY I,0,112.2,1554,29.05
2017-08-14,1,SKU-868731,GROCERY I,0,88.0,1066,29.05
2017-08-15,1,SKU-868731,GROCERY I,0,87.3,725,29.05
2017-08-16,1,SKU-868731,GROCERY I,0,94.3,618,29.05
2017-08-01,1,SKU-942252,GROCERY I,0,277.5,696,6.63
2017-08-02,1,SKU-942252,GROCERY I,0,267.5,320,6.63
2017-08-03,1,SKU-942252,GROCERY I,0,267.3,3191,6.63
2017-08-04,1,SKU-942252,GROCERY I,1,364.5,2536,6.63
2017-08-05,1,SKU-942252,GROCERY I,0,324.1,1862,6.63
2017-08-06,1,SKU-942252,GROCERY I,0,327.2,1986,6.63
2017-08-07,1,SKU-942252,GROCERY I,0,254.6,2103,6.63
2017-08-08,1,SKU-942252,GROCERY I,0,255.5,3374,6.63
2017-08-09,1,SKU-942252,GROCERY I,0,276.2,11,6.63
2017-08-10,1,SKU-942252,GROCERY I,1,342.8,3639,6.63
2017-08-11,1,SKU-942252,GROCERY I,0,273.1,1542,6.63
2017-08-12,1,SKU-942252,GROCERY I,0,345.9,354,6.63
2017-08-13,1,SKU-942252,GROCERY I,1,434.4,2920,6.63
2017-08-14,1,SKU-942252,GROCERY I,1,356.2,1091,6.63
2017-08-15,1,SKU-942252,GROCERY I,1,370.3,4784,6.63
2017-08-16,1,SKU-942252,GROCERY I,0,266.9,1363,6.63
2017-08-01,1,SKU-107509,GROCERY I,1,45.1,121,34.15
2017-08-02,1,SKU-107509,GROCERY I,0,34.6,332,34.15
2017-08-03,1,SKU-107509,GROCERY I,0,32.7,384,34.15
2017-08-04,1,SKU-107509,GROCERY I,0,33.0,48,34.15
2017-08-05,1,SKU-107509,GROCERY I,0,43.4,407,34.15
2017-08-06,1,SKU-107509,GROCERY I,1,55.9,771,34.15
2017-08-07,1,SKU-107509,GROCERY I,0,33.8,421,34.15
2017-08-08,1,SKU-107509,GROCERY I,0,33.4,414,34.15
2017-08-09,1,SKU-107509,GROCERY I,0,34.6,435,34.15
2017-08-10,1,SKU-107509,GROCERY I,0,34.5,362,34.15
2017-08-11,1,SKU-107509,GROCERY I,0,32.5,353,34.15
2017-08-12,1,SKU-107509,GROCERY I,0,43.8,559,34.15
2017-08-13,1,SKU-107509,GROCERY I,0,41.2,141,34.15
2017-08-14,1,SKU-107509,GROCERY I,0,35.4,258,34.15
2017-08-15,1,SKU-107509,GROCERY I,0,34.4,355,34.15
2017-08-16,1,SKU-107509,GROCERY I,0,34.7,164,34.15
2017-08-01,1,SKU-218778,GROCERY I,1,154.5,997,16.36
2017-08-02,1,SKU-218778,GROCERY I,0,114.6,260,16.36
2017-08-03,1,SKU-218778,GROCERY I,0,109.6,1352,16.36
2017-08-04,1,SKU-218778,GROCERY I,0,106.9,744,16.36
2017-08-05,1,SKU-218778,GROCERY I,0,141.3,898,16.36
2017-08-06,1,SKU-218778,GROCERY I,0,134.9,274,16.36
2017-08-07,1,SKU-218778,GROCERY I,1,155.8,519,16.36
2017-08-08,1,SKU-218778,GROCERY I,0,106.2,908,16.36
2017-08-09,1,SKU-218778,GROCERY I,1,148.1,1412,16.36
2017-08-10,1,SKU-218778,GROCERY I,1,156.5,151,16.36
2017-08-11,1,SKU-218778,GROCERY I,0,106.3,1293,16.36
2017-08-12,1,SKU-218778,GROCERY I,1,190.9,232,16.36
2017-08-13,1,SKU-218778,GROCERY I,0,137.5,1083,16.36
2017-08-14,1,SKU-218778,GROCERY I,0,106.4,1091,16.36
2017-08-15,1,SKU-218778,GROCERY I,0,110.6,206,16.36
2017-08-16,1,SKU-218778,GROCERY I,1,151.0,1906,16.36
2017-08-01,1,SKU-573468,GROCERY I,0,145.8,949,34.22
2017-08-02,1,SKU-573468,GROCERY I,0,147.6,623,34.22
2017-08-03,1,SKU-573468,GROCERY I,0,143.0,565,34.22
2017-08-04,1,SKU-573468,GROCERY I,0,150.8,1048,34.22
2017-08-05,1,SKU-573468,GROCERY I,0,184.8,1042,34.22
2017-08-06,1,SKU-573468,GROCERY I,0,182.2,772,34.22
2017-08-07,1,SKU-573468,GROCERY I,1,199.0,2609,34.22
2017-08-08,1,SKU-573468,GROCERY I,0,149.1,1665,34.22
2017-08-09,1,SKU-573468,GROCERY I,0,145.2,1979,34.22
2017-08-10,1,SKU-573468,GROCERY I,0,143.2,104,34.22
2017-08-11,1,SKU-573468,GROCERY I,1,210.1,1353,34.22
2017-08-12,1,SKU-573468,GROCERY I,0,195.7,896,34.22
2017-08-13,1,SKU-573468,GROCERY I,0,192.9,960,34.22
2017-08-14,1,SKU-573468,GROCERY I,0,155.8,1741,34.22
2017-08-15,1,SKU-573468,GROCERY I,0,146.8,593,34.22
2017-08-16,1,SKU-573468,GROCERY I,0,149.9,880,34.22
2017-08-01,1,SKU-922590,GROCERY I,0,157.5,1885,42.12
2017-08-02,1,SKU-922590,GROCERY I,0,154.0,863,42.12
2017-08-03,1,SKU-922590,GROCERY I,0,163.6,103,42.12
2017-08-04,1,SKU-922590,GROCERY I,0,154.7,511,42.12
2017-08-05,1,SKU-922590,GROCERY I,0,193.4,538,42.12
2017-08-06,1,SKU-922590,GROCERY I,0,207.5,427,42.12
2017-08-07,1,SKU-922590,GROCERY I,0,153.5,2005,42.12
2017-08-08,1,SKU-922590,GROCERY I,1,218.7,329,42.12
2017-08-09,1,SKU-922590,GROCERY I,1,210.6,782,42.12
2017-08-10,1,SKU-922590,GROCERY I,0,162.5,1773,42.12
2017-08-11,1,SKU-922590,GROCERY I,1,221.7,746,42.12
2017-08-12,1,SKU-922590,GROCERY I,0,189.2,2330,42.12
2017-08-13,1,SKU-922590,GROCERY I,0,206.1,957,42.12
2017-08-14,1,SKU-922590,GROCERY I,0,150.2,694,42.12
2017-08-15,1,SKU-922590,GROCERY I,1,202.5,1157,42.12
2017-08-16,1,SKU-922590,GROCERY I,0,155.4,383,42.12
2017-08-01,1,SKU-190728,BEVERAGES,0,204.4,328,33.79
2017-08-02,1,SKU-190728,BEVERAGES,0,201.7,393,33.79
2017-08-03,1,SKU-190728,BEVERAGES,0,216.8,2796,33.79
2017-08-04,1,SKU-190728,BEVERAGES,0,201.0,401,33.79
2017-08-05,1,SKU-190728,BEVERAGES,0,254.7,3373,33.79
2017-08-06,1,SKU-190728,BEVERAGES,0,254.8,297,33.79
2017-08-07,1,SKU-190728,BEVERAGES,1,292.2,2934,33.79
2017-08-08,1,SKU-190728,BEVERAGES,0,201.3,631,33.79
2017-08-09,1,SKU-190728,BEVERAGES,0,213.3,797,33.79
2017-08-10,1,SKU-190728,BEVERAGES,0,209.8,705,33.79
2017-08-11,1,SKU-190728,BEVERAGES,0,205.4,108,33.79
2017-08-12,1,SKU-190728,BEVERAGES,0,273.4,1128,33.79
2017-08-13,1,SKU-190728,BEVERAGES,0,251.0,2165,33.79
2017-08-14,1,SKU-190728,BEVERAGES,1,276.3,936,33.79
2017-08-15,1,SKU-190728,BEVERAGES,1,287.3,2285,33.79
2017-08-16,1,SKU-190728,BEVERAGES,0,201.9,2025,33.79
2017-08-01,1,SKU-359004,BEVERAGES,0,170.3,1367,27.97
2017-08-02,1,SKU-359004,BEVERAGES,1,208.9,1679,27.97
2017-08-03,1,SKU-359004,BEVERAGES,1,225.1,2852,27.97
2017-08-04,1,SKU-359004,BEVERAGES,0,154.6,1027,27.97
2017-08-05,1,SKU-359004,BEVERAGES,0,215.3,677,27.97
2017-08-06,1,SKU-359004,BEVERAGES,0,196.5,1440,27.97
2017-08-07,1,SKU-359004,BEVERAGES,0,155.3,735,27.97
2017-08-08,1,SKU-359004,BEVERAGES,0,170.7,504,27.97
2017-08-09,1,SKU-359004,BEVERAGES,0,170.7,1894,27.97
2017-08-10,1,SKU-359004,BEVERAGES,1,230.0,1581,27.97
2017-08-11,1,SKU-359004,BEVERAGES,0,156.4,971,27.97
2017-08-12,1,SKU-359004,BEVERAGES,1,277.6,2733,27.97
2017-08-13,1,SKU-359004,BEVERAGES,1,270.7,3319,27.97
2017-08-14,1,SKU-359004,BEVERAGES,0,158.0,1915,27.97
2017-08-15,1,SKU-359004,BEVERAGES,0,166.8,1284,27.97
2017-08-16,1,SKU-359004,BEVERAGES,0,167.8,1377,27.97
2017-08-01,1,SKU-878459,BEVERAGES,0,30.7,319,8.03
2017-08-02,1,SKU-878459,BEVERAGES,0,31.0,304,8.03
2017-08-03,1,SKU-878459,BEVERAGES,0,32.5,453,8.03
2017-08-04,1,SKU-878459,BEVERAGES,1,42.2,533,8.03
2017-08-05,1,SKU-878459,BEVERAGES,0,41.0,23,8.03
2017-08-06,1,SKU-878459,BEVERAGES,0,42.1,219,8.03
2017-08-07,1,SKU-878459,BEVERAGES,1,42.3,499,8.03
2017-08-08,1,SKU-878459,BEVERAGES,1,42.6,338,8.03
2017-08-09,1,SKU-878459,BEVERAGES,0,33.1,126,8.03
2017-08-10,1,SKU-878459,BEVERAGES,0,31.2,102,8.03
2017-08-11,1,SKU-878459,BEVERAGES,0,32.1,397,8.03
2017-08-12,1,SKU-878459,BEVERAGES,0,40.3,365,8.03
2017-08-13,1,SKU-878459,BEVERAGES,0,41.7,218,8.03
2017-08-14,1,SKU-878459,BEVERAGES,0,30.6,382,8.03
2017-08-15,1,SKU-878459,BEVERAGES,1,42.0,93,8.03
2017-08-16,1,SKU-878459,BEVERAGES,0,32.4,281,8.03
2017-08-01,1,SKU-875035,BEVERAGES,0,96.2,1185,27.4
2017-08-02,1,SKU-875035,BEVERAGES,1,131.2,723,27.4
2017-08-03,1,SKU-875035,BEVERAGES,0,100.7,913,27.4
2017-08-04,1,SKU-875035,BEVERAGES,0,97.7,33,27.4
2017-08-05,1,SKU-875035,BEVERAGES,1,163.0,1082,27.4
2017-08-06,1,SKU-875035,BEVERAGES,1,158.3,359,27.4
2017-08-07,1,SKU-875035,BEVERAGES,0,94.6,454,27.4
2017-08-08,1,SKU-875035,BEVERAGES,1,135.6,1679,27.4
2017-08-09,1,SKU-875035,BEVERAGES,1,129.2,544,27.4
2017-08-10,1,SKU-875035,BEVERAGES,0,100.5,959,27.4
2017-08-11,1,SKU-875035,BEVERAGES,0,96.1,686,27.4
2017-08-12,1,SKU-875035,BEVERAGES,0,127.6,686,27.4
2017-08-13,1,SKU-875035,BEVERAGES,1,164.9,1725,27.4
2017-08-14,1,SKU-875035,BEVERAGES,1,136.6,118,27.4
2017-08-15,1,SKU-875035,BEVERAGES,0,97.0,591,27.4
2017-08-16,1,SKU-875035,BEVERAGES,0,101.6,168,27.4
2017-08-01,1,SKU-952588,BEVERAGES,0,124.8,241,16.61
2017-08-02,1,SKU-952588,BEVERAGES,1,185.6,418,16.61
2017-08-03,1,SKU-952588,BEVERAGES,0,137.4,309,16.61
2017-08-04,1,SKU-952588,BEVERAGES,0,136.8,1354,16.61
2017-08-05,1,SKU-952588,BEVERAGES,0,164.0,138,16.61
2017-08-06,1,SKU-952588,BEVERAGES,0,170.4,1326,16.61
2017-08-07,1,SKU-952588,BEVERAGES,0,129.0,299,16.61
2017-08-08,1,SKU-952588,BEVERAGES,0,135.5,1211,16.61
2017-08-09,1,SKU-952588,BEVERAGES,0,130.2,1462,16.61
2017-08-10,1,SKU-952588,BEVERAGES,0,128.6,488,16.61
2017-08-11,1,SKU-952588,BEVERAGES,0,135.5,1107,16.61
2017-08-12,1,SKU-952588,BEVERAGES,1,231.9,3204,16.61
2017-08-13,1,SKU-952588,BEVERAGES,0,160.5,1043,16.61
2017-08-14,1,SKU-952588,BEVERAGES,0,135.1,1672,16.61
2017-08-15,1,SKU-952588,BEVERAGES,0,128.2,229,16.61
2017-08-16,1,SKU-952588,BEVERAGES,0,135.6,666,16.61
2017-08-01,1,SKU-421660,BEVERAGES,0,37.5,286,42.04
2017-08-02,1,SKU-421660,BEVERAGES,1,46.1,411,42.04
2017-08-03,1,SKU-421660,BEVERAGES,1,49.5,535,42.04
2017-08-04,1,SKU-421660,BEVERAGES,0,37.4,521,42.04
2017-08-05,1,SKU-421660,BEVERAGES,0,47.1,197,42.04
2017-08-06,1,SKU-421660,BEVERAGES,0,44.4,601,42.04
2017-08-07,1,SKU-421660,BEVERAGES,0,35.7,219,42.04
2017-08-08,1,SKU-421660,BEVERAGES,0,36.2,75,42.04
2017-08-09,1,SKU-421660,BEVERAGES,1,50.5,570,42.04
2017-08-10,1,SKU-421660,BEVERAGES,1,47.5,222,42.04
2017-08-11,1,SKU-421660,BEVERAGES,0,34.1,451,42.04
2017-08-12,1,SKU-421660,BEVERAGES,0,46.9,64,42.04
2017-08-13,1,SKU-421660,BEVERAGES,1,58.8,41,42.04
2017-08-14,1,SKU-421660,BEVERAGES,1,47.1,473,42.04
2017-08-15,1,SKU-421660,BEVERAGES,0,34.3,448,42.04
2017-08-16,1,SKU-421660,BEVERAGES,0,36.5,261,42.04
2017-08-01,1,SKU-587182,BEVERAGES,1,55.8,298,30.41
2017-08-02,1,SKU-587182,BEVERAGES,0,40.8,188,30.41
2017-08-03,1,SKU-587182,BEVERAGES,0,39.0,225,30.41
2017-08-04,1,SKU-587182,BEVERAGES,1,52.5,512,30.41
2017-08-05,1,SKU-587182,BEVERAGES,0,48.9,225,30.41
2017-08-06,1,SKU-587182,BEVERAGES,1,66.0,588,30.41
2017-08-07,1,SKU-587182,BEVERAGES,0,40.1,342,30.41
2017-08-08,1,SKU-587182,BEVERAGES,0,38.9,311,30.41
2017-08-09,1,SKU-587182,BEVERAGES,0,40.9,474,30.41
2017-08-10,1,SKU-587182,BEVERAGES,0,39.7,518,30.41
2017-08-11,1,SKU-587182,BEVERAGES,0,40.4,55,30.41
2017-08-12,1,SKU-587182,BEVERAGES,0,51.7,403,30.41
2017-08-13,1,SKU-587182,BEVERAGES,0,51.8,521,30.41
2017-08-14,1,SKU-587182,BEVERAGES,0,39.8,356,30.41
2017-08-15,1,SKU-587182,BEVERAGES,1,55.8,623,30.41
2017-08-16,1,SKU-587182,BEVERAGES,1,51.3,588,30.41
2017-08-01,1,SKU-763662,BEVERAGES,0,232.0,774,38.25
2017-08-02,1,SKU-763662,BEVERAGES,1,318.9,2932,38.25
2017-08-03,1,SKU-763662,BEVERAGES,0,239.3,1298,38.25
2017-08-04,1,SKU-763662,BEVERAGES,0,239.3,1984,38.25
2017-08-05,1,SKU-763662,BEVERAGES,0,287.8,1491,38.25
2017-08-06,1,SKU-763662,BEVERAGES,0,302.1,3868,38.25
2017-08-07,1,SKU-763662,BEVERAGES,0,230.1,632,38.25
2017-08-08,1,SKU-763662,BEVERAGES,0,234.5,2396,38.25
2017-08-09,1,SKU-763662,BEVERAGES,0,238.4,2951,38.25
2017-08-10,1,SKU-763662,BEVERAGES,1,333.4,3611,38.25
2017-08-11,1,SKU-763662,BEVERAGES,1,310.4,866,38.25
2017-08-12,1,SKU-763662,BEVERAGES,0,304.5,3997,38.25
2017-08-13,1,SKU-763662,BEVERAGES,0,302.4,3162,38.25
2017-08-14,1,SKU-763662,BEVERAGES,1,323.5,4394,38.25
2017-08-15,1,SKU-763662,BEVERAGES,0,232.6,1772,38.25
2017-08-16,1,SKU-763662,BEVERAGES,0,224.4,2301,38.25
2017-08-01,1,SKU-134623,BEVERAGES,1,174.7,1836,15.19
2017-08-02,1,SKU-134623,BEVERAGES,0,123.5,727,15.19
2017-08-03,1,SKU-134623,BEVERAGES,0,129.9,1620,15.19
2017-08-04,1,SKU-134623,BEVERAGES,0,127.4,1634,15.19
2017-08-05,1,SKU-134623,BEVERAGES,0,160.2,228,15.19
2017-08-06,1,SKU-134623,BEVERAGES,1,228.6,116,15.19
2017-08-07,1,SKU-134623,BEVERAGES,0,133.1,1764,15.19
2017-08-08,1,SKU-134623,BEVERAGES,0,134.7,748,15.19
2017-08-09,1,SKU-134623,BEVERAGES,0,123.4,577,15.19
2017-08-10,1,SKU-134623,BEVERAGES,0,135.6,399,15.19
2017-08-11,1,SKU-134623,BEVERAGES,0,123.7,1324,15.19
2017-08-12,1,SKU-134623,BEVERAGES,1,215.6,1300,15.19
2017-08-13,1,SKU-134623,BEVERAGES,0,163.3,313,15.19
2017-08-14,1,SKU-134623,BEVERAGES,0,132.9,1034,15.19
2017-08-15,1,SKU-134623,BEVERAGES,0,128.0,1147,15.19
2017-08-16,1,SKU-134623,BEVERAGES,0,125.1,1481,15.19
2017-08-01,1,SKU-491941,BEVERAGES,0,68.6,935,19.47
2017-08-02,1,SKU-491941,BEVERAGES,0,71.9,589,19.47
2017-08-03,1,SKU-491941,BEVERAGES,1,92.3,591,19.47
2017-08-04,1,SKU-491941,BEVERAGES,1,96.6,330,19.47
2017-08-05,1,SKU-491941,BEVERAGES,0,86.9,1096,19.47
2017-08-06,1,SKU-491941,BEVERAGES,0,88.3,878,19.47
2017-08-07,1,SKU-491941,BEVERAGES,1,93.5,532,19.47
2017-08-08,1,SKU-491941,BEVERAGES,1,94.0,961,19.47
2017-08-09,1,SKU-491941,BEVERAGES,0,70.0,260,19.47
2017-08-10,1,SKU-491941,BEVERAGES,0,70.3,517,19.47
2017-08-11,1,SKU-491941,BEVERAGES,0,67.3,568,19.47
2017-08-12,1,SKU-491941,BEVERAGES,0,87.8,364,19.47
2017-08-13,1,SKU-491941,BEVERAGES,1,121.0,447,19.47
2017-08-14,1,SKU-491941,BEVERAGES,0,69.9,683,19.47
2017-08-15,1,SKU-491941,BEVERAGES,1,94.6,526,19.47
2017-08-16,1,SKU-491941,BEVERAGES,0,67.2,155,19.47
2017-08-01,1,SKU-935672,BEVERAGES,0,108.6,257,7.08
2017-08-02,1,SKU-935672,BEVERAGES,0,112.6,611,7.08
2017-08-03,1,SKU-935672,BEVERAGES,0,109.2,1101,7.08
2017-08-04,1,SKU-935672,BEVERAGES,0,113.7,1028,7.08
2017-08-05,1,SKU-935672,BEVERAGES,0,132.7,286,7.08
2017-08-06,1,SKU-935672,BEVERAGES,1,187.8,1007,7.08
2017-08-07,1,SKU-935672,BEVERAGES,0,113.0,1385,7.08
2017-08-08,1,SKU-935672,BEVERAGES,0,109.4,1252,7.08
2017-08-09,1,SKU-935672,BEVERAGES,1,145.9,178,7.08
2017-08-10,1,SKU-935672,BEVERAGES,1,142.5,42,7.08
2017-08-11,1,SKU-935672,BEVERAGES,1,148.5,1854,7.08
2017-08-12,1,SKU-935672,BEVERAGES,0,143.7,718,7.08
2017-08-13,1,SKU-935672,BEVERAGES,1,182.4,12,7.08
2017-08-14,1,SKU-935672,BEVERAGES,0,111.7,243,7.08
2017-08-15,1,SKU-935672,BEVERAGES,0,106.0,119,7.08
2017-08-16,1,SKU-935672,BEVERAGES,0,114.1,503,7.08
2017-08-01,1,SKU-441016,BEVERAGES,0,47.3,203,20.32
2017-08-02,1,SKU-441016,BEVERAGES,1,65.0,652,20.32
2017-08-03,1,SKU-441016,BEVERAGES,0,48.7,170,20.32
2017-08-04,1,SKU-441016,BEVERAGES,0,49.6,250,20.32
2017-08-05,1,SKU-441016,BEVERAGES,0,59.6,735,20.32
2017-08-06,1,SKU-441016,BEVERAGES,0,62.8,436,20.32
2017-08-07,1,SKU-441016,BEVERAGES,1,66.6,453,20.32
2017-08-08,1,SKU-441016,BEVERAGES,1,67.7,114,20.32
2017-08-09,1,SKU-441016,BEVERAGES,0,50.5,592,20.32
2017-08-10,1,SKU-441016,BEVERAGES,0,49.4,440,20.32
2017-08-11,1,SKU-441016,BEVERAGES,0,50.0,84,20.32
2017-08-12,1,SKU-441016,BEVERAGES,1,85.8,761,20.32
2017-08-13,1,SKU-441016,BEVERAGES,0,59.9,349,20.32
2017-08-14,1,SKU-441016,BEVERAGES,0,49.8,272,20.32
2017-08-15,1,SKU-441016,BEVERAGES,0,50.6,28,20.32
2017-08-16,1,SKU-441016,BEVERAGES,0,50.4,389,20.32
2017-08-01,1,SKU-567741,BEVERAGES,1,162.4,744,24.41
2017-08-02,1,SKU-567741,BEVERAGES,0,115.3,218,24.41
2017-08-03,1,SKU-567741,BEVERAGES,0,124.9,1271,24.41
2017-08-04,1,SKU-567741,BEVERAGES,0,118.8,14,24.41
2017-08-05,1,SKU-567741,BEVERAGES,0,146.8,1785,24.41
2017-08-06,1,SKU-567741,BEVERAGES,0,143.9,914,24.41
2017-08-07,1,SKU-567741,BEVERAGES,0,122.8,1582,24.41
2017-08-08,1,SKU-567741,BEVERAGES,0,118.7,1656,24.41
2017-08-09,1,SKU-567741,BEVERAGES,1,169.2,397,24.41
2017-08-10,1,SKU-567741,BEVERAGES,0,115.8,497,24.41
2017-08-11,1,SKU-567741,BEVERAGES,1,156.5,1153,24.41
2017-08-12,1,SKU-567741,BEVERAGES,0,156.5,24,24.41
2017-08-13,1,SKU-567741,BEVERAGES,0,153.1,216,24.41
2017-08-14,1,SKU-567741,BEVERAGES,0,119.2,1424,24.41
2017-08-15,1,SKU-567741,BEVERAGES,0,121.6,1620,24.41
2017-08-16,1,SKU-567741,BEVERAGES,1,164.4,1206,24.41
2017-08-01,1,SKU-142530,BEVERAGES,0,38.1,415,9.34
2017-08-02,1,SKU-142530,BEVERAGES,0,38.4,370,9.34
2017-08-03,1,SKU-142530,BEVERAGES,1,49.2,384,9.34
2017-08-04,1,SKU-142530,BEVERAGES,0,39.4,118,9.34
2017-08-05,1,SKU-142530,BEVERAGES,0,46.7,348,9.34
2017-08-06,1,SKU-142530,BEVERAGES,0,45.3,367,9.34
2017-08-07,1,SKU-142530,BEVERAGES,0,36.3,171,9.34
2017-08-08,1,SKU-142530,BEVERAGES,0,39.2,323,9.34
2017-08-09,1,SKU-142530,BEVERAGES,1,50.3,637,9.34
2017-08-10,1,SKU-142530,BEVERAGES,0,37.8,265,9.34
2017-08-11,1,SKU-142530,BEVERAGES,1,51.0,201,9.34
2017-08-12,1,SKU-142530,BEVERAGES,0,47.9,333,9.34
2017-08-13,1,SKU-142530,BEVERAGES,0,46.9,342,9.34
2017-08-14,1,SKU-142530,BEVERAGES,1,48.5,243,9.34
2017-08-15,1,SKU-142530,BEVERAGES,1,51.4,215,9.34
2017-08-16,1,SKU-142530,BEVERAGES,1,50.6,358,9.34
2017-08-01,1,SKU-206680,BEVERAGES,0,242.6,3029,10.88
2017-08-02,1,SKU-206680,BEVERAGES,1,338.1,2378,10.88
2017-08-03,1,SKU-206680,BEVERAGES,0,251.6,608,10.88
2017-08-04,1,SKU-206680,BEVERAGES,0,247.5,1797,10.88
2017-08-05,1,SKU-206680,BEVERAGES,0,322.5,3773,10.88
2017-08-06,1,SKU-206680,BEVERAGES,0,322.0,2361,10.88
2017-08-07,1,SKU-206680,BEVERAGES,0,246.1,2730,10.88
2017-08-08,1,SKU-206680,BEVERAGES,0,253.2,2206,10.88
2017-08-09,1,SKU-206680,BEVERAGES,1,345.3,2483,10.88
2017-08-10,1,SKU-206680,BEVERAGES,1,335.6,4495,10.88
2017-08-11,1,SKU-206680,BEVERAGES,1,324.7,3772,10.88
2017-08-12,1,SKU-206680,BEVERAGES,0,329.4,3317,10.88
2017-08-13,1,SKU-206680,BEVERAGES,0,310.8,2255,10.88
2017-08-14,1,SKU-206680,BEVERAGES,1,343.4,1782,10.88
2017-08-15,1,SKU-206680,BEVERAGES,0,250.6,450,10.88
2017-08-16,1,SKU-206680,BEVERAGES,0,244.7,677,10.88
2017-08-01,1,SKU-541720,PRODUCE,0,38.1,117,39.48
2017-08-02,1,SKU-541720,PRODUCE,0,39.0,121,39.48
2017-08-03,1,SKU-541720,PRODUCE,0,39.8,214,39.48
2017-08-04,1,SKU-541720,PRODUCE,0,39.0,114,39.48
2017-08-05,1,SKU-541720,PRODUCE,1,68.4,624,39.48
2017-08-06,1,SKU-541720,PRODUCE,0,51.3,332,39.48
2017-08-07,1,SKU-541720,PRODUCE,0,38.6,377,39.48
2017-08-08,1,SKU-541720,PRODUCE,1,51.8,176,39.48
2017-08-09,1,SKU-541720,PRODUCE,0,40.6,112,39.48
2017-08-10,1,SKU-541720,PRODUCE,1,52.5,589,39.48
2017-08-11,1,SKU-541720,PRODUCE,0,38.5,378,39.48
2017-08-12,1,SKU-541720,PRODUCE,1,65.2,425,39.48
2017-08-13,1,SKU-541720,PRODUCE,0,47.6,520,39.48
2017-08-14,1,SKU-541720,PRODUCE,0,40.1,246,39.48
2017-08-15,1,SKU-541720,PRODUCE,1,51.0,75,39.48
2017-08-16,1,SKU-541720,PRODUCE,0,40.3,252,39.48
2017-08-01,1,SKU-936073,PRODUCE,0,54.4,469,36.07
2017-08-02,1,SKU-936073,PRODUCE,0,52.6,505,36.07
2017-08-03,1,SKU-936073,PRODUCE,0,52.4,660,36.07
2017-08-04,1,SKU-936073,PRODUCE,0,52.8,55,36.07
2017-08-05,1,SKU-936073,PRODUCE,1,87.1,648,36.07
2017-08-06,1,SKU-936073,PRODUCE,1,87.5,650,36.07
2017-08-07,1,SKU-936073,PRODUCE,0,54.2,432,36.07
2017-08-08,1,SKU-936073,PRODUCE,1,74.1,676,36.07
2017-08-09,1,SKU-936073,PRODUCE,1,71.6,391,36.07
2017-08-10,1,SKU-936073,PRODUCE,0,54.9,326,36.07
2017-08-11,1,SKU-936073,PRODUCE,0,52.2,323,36.07
2017-08-12,1,SKU-936073,PRODUCE,0,66.7,466,36.07
2017-08-13,1,SKU-936073,PRODUCE,0,65.8,568,36.07
2017-08-14,1,SKU-936073,PRODUCE,1,74.5,612,36.07
2017-08-15,1,SKU-936073,PRODUCE,0,55.3,549,36.07
2017-08-16,1,SKU-936073,PRODUCE,0,50.9,110,36.07
2017-08-01,1,SKU-185030,PRODUCE,0,44.2,50,15.0
2017-08-02,1,SKU-185030,PRODUCE,0,43.8,333,15.0
2017-08-03,1,SKU-185030,PRODUCE,1,58.2,150,15.0
2017-08-04,1,SKU-185030,PRODUCE,0,45.8,336,15.0
2017-08-05,1,SKU-185030,PRODUCE,1,76.6,560,15.0
2017-08-06,1,SKU-185030,PRODUCE,0,54.8,411,15.0
2017-08-07,1,SKU-185030,PRODUCE,0,44.7,262,15.0
2017-08-08,1,SKU-185030,PRODUCE,0,45.1,435,15.0
2017-08-09,1,SKU-185030,PRODUCE,1,58.7,73,15.0
2017-08-10,1,SKU-185030,PRODUCE,0,45.0,52,15.0
2017-08-11,1,SKU-185030,PRODUCE,1,57.8,728,15.0
2017-08-12,1,SKU-185030,PRODUCE,1,77.5,240,15.0
2017-08-13,1,SKU-185030,PRODUCE,0,53.1,158,15.0
2017-08-14,1,SKU-185030,PRODUCE,0,44.9,25,15.0
2017-08-15,1,SKU-185030,PRODUCE,1,56.6,304,15.0
2017-08-16,1,SKU-185030,PRODUCE,0,45.0,97,15.0
2017-08-01,1,SKU-487581,PRODUCE,0,161.5,1572,42.76
2017-08-02,1,SKU-487581,PRODUCE,1,217.3,2716,42.76
2017-08-03,1,SKU-487581,PRODUCE,0,165.7,814,42.76
2017-08-04,1,SKU-487581,PRODUCE,0,160.4,1977,42.76
2017-08-05,1,SKU-487581,PRODUCE,1,273.7,3397,42.76
2017-08-06,1,SKU-487581,PRODUCE,0,209.4,142,42.76
2017-08-07,1,SKU-487581,PRODUCE,0,155.3,591,42.76
2017-08-08,1,SKU-487581,PRODUCE,0,167.3,1318,42.76
2017-08-09,1,SKU-487581,PRODUCE,1,225.9,502,42.76
2017-08-10,1,SKU-487581,PRODUCE,0,165.0,2168,42.76
2017-08-11,1,SKU-487581,PRODUCE,1,224.8,1810,42.76
2017-08-12,1,SKU-487581,PRODUCE,1,270.4,1080,42.76
2017-08-13,1,SKU-487581,PRODUCE,0,212.6,2886,42.76
2017-08-14,1,SKU-487581,PRODUCE,0,167.1,1993,42.76
2017-08-15,1,SKU-487581,PRODUCE,0,159.8,1388,42.76
2017-08-16,1,SKU-487581,PRODUCE,0,164.0,1425,42.76
2017-08-01,1,SKU-677076,PRODUCE,0,247.8,1240,13.92
2017-08-02,1,SKU-677076,PRODUCE,0,260.7,1331,13.92
2017-08-03,1,SKU-677076,PRODUCE,0,259.0,147,13.92
2017-08-04,1,SKU-677076,PRODUCE,1,341.8,4506,13.92
2017-08-05,1,SKU-677076,PRODUCE,0,300.2,2056,13.92
2017-08-06,1,SKU-677076,PRODUCE,0,309.4,4148,13.92
2017-08-07,1,SKU-677076,PRODUCE,1,341.7,787,13.92
2017-08-08,1,SKU-677076,PRODUCE,1,343.9,2052,13.92
2017-08-09,1,SKU-677076,PRODUCE,1,325.1,1224,13.92
2017-08-10,1,SKU-677076,PRODUCE,0,256.5,2236,13.92
2017-08-11,1,SKU-677076,PRODUCE,0,240.7,144,13.92
2017-08-12,1,SKU-677076,PRODUCE,0,313.2,1091,13.92
2017-08-13,1,SKU-677076,PRODUCE,0,326.5,2359,13.92
2017-08-14,1,SKU-677076,PRODUCE,1,320.7,1645,13.92
2017-08-15,1,SKU-677076,PRODUCE,0,241.3,414,13.92
2017-08-16,1,SKU-677076,PRODUCE,1,351.1,396,13.92
2017-08-01,1,SKU-708852,PRODUCE,1,258.6,1902,35.63
2017-08-02,1,SKU-708852,PRODUCE,0,194.2,1311,35.63
2017-08-03,1,SKU-708852,PRODUCE,0,179.6,1255,35.63
2017-08-04,1,SKU-708852,PRODUCE,0,189.1,1193,35.63
2017-08-05,1,SKU-708852,PRODUCE,0,232.4,2282,35.63
2017-08-06,1,SKU-708852,PRODUCE,0,239.8,1983,35.63
2017-08-07,1,SKU-708852,PRODUCE,1,242.1,375,35.63
2017-08-08,1,SKU-708852,PRODUCE,0,188.0,114,35.63
2017-08-09,1,SKU-708852,PRODUCE,1,253.0,1234,35.63
2017-08-10,1,SKU-708852,PRODUCE,0,194.3,543,35.63
2017-08-11,1,SKU-708852,PRODUCE,0,182.2,1598,35.63
2017-08-12,1,SKU-708852,PRODUCE,1,314.4,771,35.63
2017-08-13,1,SKU-708852,PRODUCE,0,239.7,833,35.63
2017-08-14,1,SKU-708852,PRODUCE,1,243.1,119,35.63
2017-08-15,1,SKU-708852,PRODUCE,0,194.0,1772,35.63
2017-08-16,1,SKU-708852,PRODUCE,1,249.0,749,35.63
2017-08-01,1,SKU-991903,PRODUCE,1,317.2,3970,31.02
2017-08-02,1,SKU-991903,PRODUCE,1,316.8,1696,31.02
2017-08-03,1,SKU-991903,PRODUCE,1,325.6,4232,31.02
2017-08-04,1,SKU-991903,PRODUCE,1,322.3,531,31.02
2017-08-05,1,SKU-991903,PRODUCE,0,312.3,1403,31.02
2017-08-06,1,SKU-991903,PRODUCE,0,304.5,3131,31.02
2017-08-07,1,SKU-991903,PRODUCE,0,231.4,1524,31.02
2017-08-08,1,SKU-991903,PRODUCE,0,243.0,1085,31.02
2017-08-09,1,SKU-991903,PRODUCE,1,328.4,3044,31.02
2017-08-10,1,SKU-991903,PRODUCE,0,236.5,1478,31.02
2017-08-11,1,SKU-991903,PRODUCE,0,244.4,1659,31.02
2017-08-12,1,SKU-991903,PRODUCE,1,386.8,772,31.02
2017-08-13,1,SKU-991903,PRODUCE,1,406.2,2903,31.02
2017-08-14,1,SKU-991903,PRODUCE,0,229.4,2311,31.02
2017-08-15,1,SKU-991903,PRODUCE,0,237.9,1905,31.02
2017-08-16,1,SKU-991903,PRODUCE,1,319.6,621,31.02
2017-08-01,1,SKU-181823,PRODUCE,0,265.1,2107,25.61
2017-08-02,1,SKU-181823,PRODUCE,0,279.9,2189,25.61
2017-08-03,1,SKU-181823,PRODUCE,0,269.2,1652,25.61
2017-08-04,1,SKU-181823,PRODUCE,0,278.1,51,25.61
2017-08-05,1,SKU-181823,PRODUCE,0,352.6,1180,25.61
2017-08-06,1,SKU-181823,PRODUCE,0,320.2,306,25.61
2017-08-07,1,SKU-181823,PRODUCE,0,275.4,3227,25.61
2017-08-08,1,SKU-181823,PRODUCE,1,354.9,4082,25.61
2017-08-09,1,SKU-181823,PRODUCE,0,261.6,1607,25.61
2017-08-10,1,SKU-181823,PRODUCE,0,278.7,2419,25.61
2017-08-11,1,SKU-181823,PRODUCE,1,366.5,3429,25.61
2017-08-12,1,SKU-181823,PRODUCE,0,337.9,3888,25.61
2017-08-13,1,SKU-181823,PRODUCE,0,352.4,2098,25.61
2017-08-14,1,SKU-181823,PRODUCE,0,267.6,3003,25.61
2017-08-15,1,SKU-181823,PRODUCE,0,270.7,1899,25.61
2017-08-16,1,SKU-181823,PRODUCE,0,257.1,148,25.61
2017-08-01,1,SKU-884492,PRODUCE,0,193.8,1973,16.83
2017-08-02,1,SKU-884492,PRODUCE,1,261.1,3030,16.83
2017-08-03,1,SKU-884492,PRODUCE,1,258.5,1550,16.83
2017-08-04,1,SKU-884492,PRODUCE,1,259.1,1451,16.83
2017-08-05,1,SKU-884492,PRODUCE,0,233.8,1784,16.83
2017-08-06,1,SKU-884492,PRODUCE,0,232.1,1718,16.83
2017-08-07,1,SKU-884492,PRODUCE,0,194.7,1325,16.83
2017-08-08,1,SKU-884492,PRODUCE,0,182.4,835,16.83
2017-08-09,1,SKU-884492,PRODUCE,0,194.9,2103,16.83
2017-08-10,1,SKU-884492,PRODUCE,0,191.2,659,16.83
2017-08-11,1,SKU-884492,PRODUCE,1,266.8,2108,16.83
2017-08-12,1,SKU-884492,PRODUCE,0,246.0,2485,16.83
2017-08-13,1,SKU-884492,PRODUCE,0,249.7,2089,16.83
2017-08-14,1,SKU-884492,PRODUCE,0,195.6,1837,16.83
2017-08-15,1,SKU-884492,PRODUCE,1,248.4,1297,16.83
2017-08-16,1,SKU-884492,PRODUCE,0,189.2,1212,16.83
2017-08-01,1,SKU-497294,PRODUCE,0,119.3,179,32.6
2017-08-02,1,SKU-497294,PRODUCE,1,160.3,165,32.6
2017-08-03,1,SKU-497294,PRODUCE,0,117.0,1581,32.6
2017-08-04,1,SKU-497294,PRODUCE,0,118.4,294,32.6
2017-08-05,1,SKU-497294,PRODUCE,0,152.7,1657,32.6
2017-08-06,1,SKU-497294,PRODUCE,0,153.9,2075,32.6
2017-08-07,1,SKU-497294,PRODUCE,0,121.5,1135,32.6
2017-08-08,1,SKU-497294,PRODUCE,1,167.7,1643,32.6
2017-08-09,1,SKU-497294,PRODUCE,0,122.4,345,32.6
2017-08-10,1,SKU-497294,PRODUCE,0,119.3,12,32.6
2017-08-11,1,SKU-497294,PRODUCE,1,162.4,455,32.6
2017-08-12,1,SKU-497294,PRODUCE,0,152.3,1017,32.6
2017-08-13,1,SKU-497294,PRODUCE,0,148.0,613,32.6
2017-08-14,1,SKU-497294,PRODUCE,0,118.0,674,32.6
2017-08-15,1,SKU-497294,PRODUCE,0,116.9,1450,32.6
2017-08-16,1,SKU-497294,PRODUCE,1,160.8,375,32.6
2017-08-01,1,SKU-845708,PRODUCE,0,123.6,815,5.77
2017-08-02,1,SKU-845708,PRODUCE,1,172.1,1811,5.77
2017-08-03,1,SKU-845708,PRODUCE,0,124.9,149,5.77
2017-08-04,1,SKU-845708,PRODUCE,0,122.0,234,5.77
2017-08-05,1,SKU-845708,PRODUCE,1,212.9,1063,5.77
2017-08-06,1,SKU-845708,PRODUCE,0,156.5,2023,5.77
2017-08-07,1,SKU-845708,PRODUCE,0,129.2,255,5.77
2017-08-08,1,SKU-845708,PRODUCE,0,127.1,939,5.77
2017-08-09,1,SKU-845708,PRODUCE,0,124.4,1069,5.77
2017-08-10,1,SKU-845708,PRODUCE,1,171.0,1847,5.77
2017-08-11,1,SKU-845708,PRODUCE,0,119.9,684,5.77
2017-08-12,1,SKU-845708,PRODUCE,1,220.0,252,5.77
2017-08-13,1,SKU-845708,PRODUCE,0,153.0,490,5.77
2017-08-14,1,SKU-845708,PRODUCE,0,124.7,26,5.77
2017-08-15,1,SKU-845708,PRODUCE,1,171.9,2323,5.77
2017-08-16,1,SKU-845708,PRODUCE,0,124.6,749,5.77
2017-08-01,1,SKU-576966,PRODUCE,0,151.8,1345,33.37
2017-08-02,1,SKU-576966,PRODUCE,0,155.9,1826,33.37
2017-08-03,1,SKU-576966,PRODUCE,0,158.6,1461,33.37
2017-08-04,1,SKU-576966,PRODUCE,1,213.7,203,33.37
2017-08-05,1,SKU-576966,PRODUCE,0,206.9,577,33.37
2017-08-06,1,SKU-576966,PRODUCE,0,204.0,1679,33.37
2017-08-07,1,SKU-576966,PRODUCE,0,149.6,763,33.37
2017-08-08,1,SKU-576966,PRODUCE,0,163.4,1638,33.37
2017-08-09,1,SKU-576966,PRODUCE,1,209.5,331,33.37
2017-08-10,1,SKU-576966,PRODUCE,0,152.4,1043,33.37
2017-08-11,1,SKU-576966,PRODUCE,0,155.1,1082,33.37
2017-08-12,1,SKU-576966,PRODUCE,1,260.9,2251,33.37
2017-08-13,1,SKU-576966,PRODUCE,0,196.6,558,33.37
2017-08-14,1,SKU-576966,PRODUCE,0,152.5,88,33.37
2017-08-15,1,SKU-576966,PRODUCE,1,203.0,1052,33.37
2017-08-16,1,SKU-576966,PRODUCE,0,155.1,1578,33.37
2017-08-01,1,SKU-516219,PRODUCE,0,247.6,13,4.1
2017-08-02,1,SKU-516219,PRODUCE,0,242.5,2025,4.1
2017-08-03,1,SKU-516219,PRODUCE,1,324.8,2321,4.1
2017-08-04,1,SKU-516219,PRODUCE,1,324.5,2768,4.1
2017-08-05,1,SKU-516219,PRODUCE,1,406.0,2195,4.1
2017-08-06,1,SKU-516219,PRODUCE,0,307.2,137,4.1
2017-08-07,1,SKU-516219,PRODUCE,0,247.8,1912,4.1
2017-08-08,1,SKU-516219,PRODUCE,0,247.3,941,4.1
2017-08-09,1,SKU-516219,PRODUCE,1,328.2,789,4.1
2017-08-10,1,SKU-516219,PRODUCE,1,314.9,4362,4.1
2017-08-11,1,SKU-516219,PRODUCE,0,234.8,664,4.1
2017-08-12,1,SKU-516219,PRODUCE,0,310.8,3020,4.1
2017-08-13,1,SKU-516219,PRODUCE,1,400.0,2493,4.1
2017-08-14,1,SKU-516219,PRODUCE,0,239.0,2336,4.1
2017-08-15,1,SKU-516219,PRODUCE,0,231.2,2530,4.1
2017-08-16,1,SKU-516219,PRODUCE,1,329.6,724,4.1
2017-08-01,1,SKU-848112,PRODUCE,1,200.2,2011,39.84
2017-08-02,1,SKU-848112,PRODUCE,0,149.9,1025,39.84
2017-08-03,1,SKU-848112,PRODUCE,0,141.1,157,39.84
2017-08-04,1,SKU-848112,PRODUCE,0,141.4,69,39.84
2017-08-05,1,SKU-848112,PRODUCE,1,243.3,1262,39.84
2017-08-06,1,SKU-848112,PRODUCE,1,240.0,2809,39.84
2017-08-07,1,SKU-848112,PRODUCE,0,144.1,246,39.84
2017-08-08,1,SKU-848112,PRODUCE,0,144.0,291,39.84
2017-08-09,1,SKU-848112,PRODUCE,0,139.8,1168,39.84
2017-08-10,1,SKU-848112,PRODUCE,0,150.1,466,39.84
2017-08-11,1,SKU-848112,PRODUCE,1,191.5,1936,39.84
2017-08-12,1,SKU-848112,PRODUCE,0,186.4,110,39.84
2017-08-13,1,SKU-848112,PRODUCE,0,178.4,1219,39.84
2017-08-14,1,SKU-848112,PRODUCE,0,145.5,234,39.84
2017-08-15,1,SKU-848112,PRODUCE,0,147.8,2021,39.84
2017-08-16,1,SKU-848112,PRODUCE,0,149.1,1130,39.84
2017-08-01,1,SKU-387401,PRODUCE,0,191.5,1269,14.2
2017-08-02,1,SKU-387401,PRODUCE,0,196.2,455,14.2
2017-08-03,1,SKU-387401,PRODUCE,0,190.8,2458,14.2
2017-08-04,1,SKU-387401,PRODUCE,0,197.2,1481,14.2
2017-08-05,1,SKU-387401,PRODUCE,0,262.3,664,14.2
2017-08-06,1,SKU-387401,PRODUCE,0,263.7,1376,14.2
2017-08-07,1,SKU-387401,PRODUCE,0,192.2,80,14.2
2017-08-08,1,SKU-387401,PRODUCE,1,263.0,3401,14.2
2017-08-09,1,SKU-387401,PRODUCE,1,271.7,135,14.2
2017-08-10,1,SKU-387401,PRODUCE,0,198.9,1136,14.2
2017-08-11,1,SKU-387401,PRODUCE,0,198.0,2589,14.2
2017-08-12,1,SKU-387401,PRODUCE,0,256.6,3221,14.2
2017-08-13,1,SKU-387401,PRODUCE,0,244.9,376,14.2
2017-08-14,1,SKU-387401,PRODUCE,0,199.5,903,14.2
2017-08-15,1,SKU-387401,PRODUCE,0,208.9,466,14.2
2017-08-16,1,SKU-387401,PRODUCE,0,191.3,859,14.2
2017-08-01,1,SKU-882409,CLEANING,1,355.1,3197,10.03
2017-08-02,1,SKU-882409,CLEANING,0,264.7,524,10.03
2017-08-03,1,SKU-882409,CLEANING,0,274.1,1455,10.03
2017-08-04,1,SKU-882409,CLEANING,1,356.1,4903,10.03
2017-08-05,1,SKU-882409,CLEANING,0,325.6,1431,10.03
2017-08-06,1,SKU-882409,CLEANING,1,458.8,879,10.03
2017-08-07,1,SKU-882409,CLEANING,0,263.4,2180,10.03
2017-08-08,1,SKU-882409,CLEANING,0,275.1,2377,10.03
2017-08-09,1,SKU-882409,CLEANING,1,362.5,1687,10.03
2017-08-10,1,SKU-882409,CLEANING,1,357.2,2149,10.03
2017-08-11,1,SKU-882409,CLEANING,1,347.5,1886,10.03
2017-08-12,1,SKU-882409,CLEANING,0,326.9,31,10.03
2017-08-13,1,SKU-882409,CLEANING,0,335.1,3798,10.03
2017-08-14,1,SKU-882409,CLEANING,0,272.1,1982,10.03
2017-08-15,1,SKU-882409,CLEANING,1,376.2,4476,10.03
2017-08-16,1,SKU-882409,CLEANING,1,350.9,2921,10.03
2017-08-01,1,SKU-666713,CLEANING,0,161.3,324,31.7
2017-08-02,1,SKU-666713,CLEANING,0,149.2,1143,31.7
2017-08-03,1,SKU-666713,CLEANING,0,162.7,1686,31.7
2017-08-04,1,SKU-666713,CLEANING,0,162.6,1094,31.7
2017-08-05,1,SKU-666713,CLEANING,0,198.7,1146,31.7
2017-08-06,1,SKU-666713,CLEANING,1,257.4,2003,31.7
2017-08-07,1,SKU-666713,CLEANING,1,218.9,2710,31.7
2017-08-08,1,SKU-666713,CLEANING,0,158.1,878,31.7
2017-08-09,1,SKU-666713,CLEANING,0,162.2,2114,31.7
2017-08-10,1,SKU-666713,CLEANING,1,202.8,2415,31.7
2017-08-11,1,SKU-666713,CLEANING,1,207.4,1510,31.7
2017-08-12,1,SKU-666713,CLEANING,1,267.4,3719,31.7
2017-08-13,1,SKU-666713,CLEANING,0,201.0,2232,31.7
2017-08-14,1,SKU-666713,CLEANING,0,161.4,1238,31.7
2017-08-15,1,SKU-666713,CLEANING,0,149.7,830,31.7
2017-08-16,1,SKU-666713,CLEANING,1,219.2,779,31.7
2017-08-01,1,SKU-146873,CLEANING,0,34.6,344,37.58
2017-08-02,1,SKU-146873,CLEANING,1,48.6,374,37.58
2017-08-03,1,SKU-146873,CLEANING,0,35.8,29,37.58
2017-08-04,1,SKU-146873,CLEANING,1,47.4,601,37.58
2017-08-05,1,SKU-146873,CLEANING,1,56.1,482,37.58
2017-08-06,1,SKU-146873,CLEANING,0,41.7,267,37.58
2017-08-07,1,SKU-146873,CLEANING,0,35.2,477,37.58
2017-08-08,1,SKU-146873,CLEANING,0,33.5,397,37.58
2017-08-09,1,SKU-146873,CLEANING,1,47.6,413,37.58
2017-08-10,1,SKU-146873,CLEANING,1,45.0,587,37.58
2017-08-11,1,SKU-146873,CLEANING,1,48.3,176,37.58
2017-08-12,1,SKU-146873,CLEANING,1,58.8,493,37.58
2017-08-13,1,SKU-146873,CLEANING,1,56.0,290,37.58
2017-08-14,1,SKU-146873,CLEANING,1,48.0,571,37.58
2017-08-15,1,SKU-146873,CLEANING,0,35.2,80,37.58
2017-08-16,1,SKU-146873,CLEANING,1,45.3,470,37.58
2017-08-01,1,SKU-819968,CLEANING,0,141.2,721,19.84
2017-08-02,1,SKU-819968,CLEANING,1,197.0,1975,19.84
2017-08-03,1,SKU-819968,CLEANING,0,146.7,1162,19.84
2017-08-04,1,SKU-819968,CLEANING,1,191.8,98,19.84
2017-08-05,1,SKU-819968,CLEANING,0,195.2,2704,19.84
2017-08-06,1,SKU-819968,CLEANING,0,186.2,1684,19.84
2017-08-07,1,SKU-819968,CLEANING,0,149.9,1835,19.84
2017-08-08,1,SKU-819968,CLEANING,1,199.6,1296,19.84
2017-08-09,1,SKU-819968,CLEANING,0,147.2,948,19.84
2017-08-10,1,SKU-819968,CLEANING,0,143.1,983,19.84
2017-08-11,1,SKU-819968,CLEANING,1,195.2,1433,19.84
2017-08-12,1,SKU-819968,CLEANING,0,179.4,2407,19.84
2017-08-13,1,SKU-819968,CLEANING,1,241.5,2436,19.84
2017-08-14,1,SKU-819968,CLEANING,0,155.2,664,19.84
2017-08-15,1,SKU-819968,CLEANING,0,148.9,1742,19.84
2017-08-16,1,SKU-819968,CLEANING,0,151.0,139,19.84
2017-08-01,1,SKU-804259,CLEANING,0,44.7,609,41.27
2017-08-02,1,SKU-804259,CLEANING,1,61.6,118,41.27
2017-08-03,1,SKU-804259,CLEANING,0,45.1,329,41.27
2017-08-04,1,SKU-804259,CLEANING,0,42.8,429,41.27
2017-08-05,1,SKU-804259,CLEANING,1,73.7,592,41.27
2017-08-06,1,SKU-804259,CLEANING,0,57.8,78,41.27
2017-08-07,1,SKU-804259,CLEANING,0,43.9,316,41.27
2017-08-08,1,SKU-804259,CLEANING,1,61.9,111,41.27
2017-08-09,1,SKU-804259,CLEANING,0,47.0,111,41.27
2017-08-10,1,SKU-804259,CLEANING,1,61.9,673,41.27
2017-08-11,1,SKU-804259,CLEANING,0,44.0,559,41.27
2017-08-12,1,SKU-804259,CLEANING,0,54.3,460,41.27
2017-08-13,1,SKU-804259,CLEANING,0,58.4,528,41.27
2017-08-14,1,SKU-804259,CLEANING,1,62.4,106,41.27
2017-08-15,1,SKU-804259,CLEANING,0,46.2,275,41.27
2017-08-16,1,SKU-804259,CLEANING,1,62.1,23,41.27
2017-08-01,1,SKU-541856,CLEANING,1,97.8,1149,10.05
2017-08-02,1,SKU-541856,CLEANING,0,73.9,312,10.05
2017-08-03,1,SKU-541856,CLEANING,1,104.2,388,10.05
2017-08-04,1,SKU-541856,CLEANING,0,71.7,797,10.05
2017-08-05,1,SKU-541856,CLEANING,0,90.5,437,10.05
2017-08-06,1,SKU-541856,CLEANING,0,97.3,877,10.05
2017-08-07,1,SKU-541856,CLEANING,0,71.8,420,10.05
2017-08-08,1,SKU-541856,CLEANING,0,76.3,434,10.05
2017-08-09,1,SKU-541856,CLEANING,0,74.4,741,10.05
2017-08-10,1,SKU-541856,CLEANING,0,76.6,678,10.05
2017-08-11,1,SKU-541856,CLEANING,1,102.4,284,10.05
2017-08-12,1,SKU-541856,CLEANING,0,97.7,1294,10.05
2017-08-13,1,SKU-541856,CLEANING,1,129.7,497,10.05
2017-08-14,1,SKU-541856,CLEANING,0,78.0,936,10.05
2017-08-15,1,SKU-541856,CLEANING,0,72.9,498,10.05
2017-08-16,1,SKU-541856,CLEANING,0,73.4,648,10.05
2017-08-01,1,SKU-176730,CLEANING,1,88.3,739,29.37
2017-08-02,1,SKU-176730,CLEANING,0,65.2,28,29.37
2017-08-03,1,SKU-176730,CLEANING,1,88.8,1016,29.37
2017-08-04,1,SKU-176730,CLEANING,1,92.6,377,29.37
2017-08-05,1,SKU-176730,CLEANING,0,87.9,885,29.37
2017-08-06,1,SKU-176730,CLEANING,1,107.7,540,29.37
2017-08-07,1,SKU-176730,CLEANING,1,85.9,686,29.37
2017-08-08,1,SKU-176730,CLEANING,0,63.2,216,29.37
2017-08-09,1,SKU-176730,CLEANING,0,63.8,567,29.37
2017-08-10,1,SKU-176730,CLEANING,0,64.9,817,29.37
2017-08-11,1,SKU-176730,CLEANING,0,65.7,668,29.37
2017-08-12,1,SKU-176730,CLEANING,1,107.9,682,29.37
2017-08-13,1,SKU-176730,CLEANING,0,82.4,893,29.37
2017-08-14,1,SKU-176730,CLEANING,1,93.6,355,29.37
2017-08-15,1,SKU-176730,CLEANING,0,69.5,451,29.37
2017-08-16,1,SKU-176730,CLEANING,0,67.8,277,29.37
2017-08-01,1,SKU-774877,CLEANING,1,332.4,1905,41.0
2017-08-02,1,SKU-774877,CLEANING,0,224.0,1416,41.0
2017-08-03,1,SKU-774877,CLEANING,0,242.5,915,41.0
2017-08-04,1,SKU-774877,CLEANING,0,238.9,1849,41.0
2017-08-05,1,SKU-774877,CLEANING,0,305.7,750,41.0
2017-08-06,1,SKU-774877,CLEANING,1,419.0,2150,41.0
2017-08-07,1,SKU-774877,CLEANING,0,240.8,1543,41.0
2017-08-08,1,SKU-774877,CLEANING,0,244.9,1482,41.0
2017-08-09,1,SKU-774877,CLEANING,0,236.4,732,41.0
2017-08-10,1,SKU-774877,CLEANING,0,236.2,1299,41.0
2017-08-11,1,SKU-774877,CLEANING,0,246.8,2969,41.0
2017-08-12,1,SKU-774877,CLEANING,0,283.6,2426,41.0
2017-08-13,1,SKU-774877,CLEANING,0,308.2,2717,41.0
2017-08-14,1,SKU-774877,CLEANING,0,234.3,2655,41.0
2017-08-15,1,SKU-774877,CLEANING,1,309.0,2338,41.0
2017-08-16,1,SKU-774877,CLEANING,0,235.0,305,41.0
2017-08-01,1,SKU-433617,CLEANING,0,260.6,2892,8.74
2017-08-02,1,SKU-433617,CLEANING,0,258.7,1088,8.74
2017-08-03,1,SKU-433617,CLEANING,0,267.5,177,8.74
2017-08-04,1,SKU-433617,CLEANING,1,381.0,1497,8.74
2017-08-05,1,SKU-433617,CLEANING,1,464.0,1550,8.74
2017-08-06,1,SKU-433617,CLEANING,0,340.7,2005,8.74
2017-08-07,1,SKU-433617,CLEANING,0,278.3,1881,8.74
2017-08-08,1,SKU-433617,CLEANING,0,261.6,1958,8.74
2017-08-09,1,SKU-433617,CLEANING,0,270.7,2961,8.74
2017-08-10,1,SKU-433617,CLEANING,1,359.2,3494,8.74
2017-08-11,1,SKU-433617,CLEANING,1,369.1,775,8.74
2017-08-12,1,SKU-433617,CLEANING,0,327.6,4001,8.74
2017-08-13,1,SKU-433617,CLEANING,0,337.1,278,8.74
2017-08-14,1,SKU-433617,CLEANING,0,280.9,92,8.74
2017-08-15,1,SKU-433617,CLEANING,0,281.6,1562,8.74
2017-08-16,1,SKU-433617,CLEANING,0,272.1,1768,8.74
2017-08-01,1,SKU-721300,CLEANING,0,255.5,993,14.37
2017-08-02,1,SKU-721300,CLEANING,0,266.0,1929,14.37
2017-08-03,1,SKU-721300,CLEANING,1,347.8,356,14.37
2017-08-04,1,SKU-721300,CLEANING,1,371.7,1379,14.37
2017-08-05,1,SKU-721300,CLEANING,0,332.1,3015,14.37
2017-08-06,1,SKU-721300,CLEANING,0,338.1,642,14.37
2017-08-07,1,SKU-721300,CLEANING,1,357.5,2645,14.37
2017-08-08,1,SKU-721300,CLEANING,0,256.1,2423,14.37
2017-08-09,1,SKU-721300,CLEANING,1,369.4,3814,14.37
2017-08-10,1,SKU-721300,CLEANING,0,273.2,703,14.37
2017-08-11,1,SKU-721300,CLEANING,0,274.9,3424,14.37
2017-08-12,1,SKU-721300,CLEANING,1,470.9,6533,14.37
2017-08-13,1,SKU-721300,CLEANING,0,354.3,2986,14.37
2017-08-14,1,SKU-721300,CLEANING,1,367.2,2934,14.37
2017-08-15,1,SKU-721300,CLEANING,1,355.3,4598,14.37
2017-08-16,1,SKU-721300,CLEANING,0,263.1,124,14.37
2017-08-01,1,SKU-455694,CLEANING,0,26.2,294,20.37
2017-08-02,1,SKU-455694,CLEANING,1,34.9,215,20.37
2017-08-03,1,SKU-455694,CLEANING,0,24.9,227,20.37
2017-08-04,1,SKU-455694,CLEANING,0,26.7,206,20.37
2017-08-05,1,SKU-455694,CLEANING,0,33.1,92,20.37
2017-08-06,1,SKU-455694,CLEANING,0,34.0,225,20.37
2017-08-07,1,SKU-455694,CLEANING,0,26.7,77,20.37
2017-08-08,1,SKU-455694,CLEANING,1,35.2,229,20.37
2017-08-09,1,SKU-455694,CLEANING,1,36.0,26,20.37
2017-08-10,1,SKU-455694,CLEANING,0,27.1,16,20.37
2017-08-11,1,SKU-455694,CLEANING,0,26.7,236,20.37
2017-08-12,1,SKU-455694,CLEANING,1,45.6,444,20.37
2017-08-13,1,SKU-455694,CLEANING,1,45.2,260,20.37
2017-08-14,1,SKU-455694,CLEANING,0,26.7,328,20.37
2017-08-15,1,SKU-455694,CLEANING,0,25.7,335,20.37
2017-08-16,1,SKU-455694,CLEANING,0,25.3,238,20.37
2017-08-01,1,SKU-269645,CLEANING,0,151.8,667,24.85
2017-08-02,1,SKU-269645,CLEANING,1,205.8,2584,24.85
2017-08-03,1,SKU-269645,CLEANING,0,149.4,525,24.85
2017-08-04,1,SKU-269645,CLEANING,0,163.1,1542,24.85
2017-08-05,1,SKU-269645,CLEANING,1,274.3,2226,24.85
2017-08-06,1,SKU-269645,CLEANING,0,199.1,1860,24.85
2017-08-07,1,SKU-269645,CLEANING,0,154.2,1283,24.85
2017-08-08,1,SKU-269645,CLEANING,0,155.4,1871,24.85
2017-08-09,1,SKU-269645,CLEANING,0,156.5,450,24.85
2017-08-10,1,SKU-269645,CLEANING,1,207.2,2775,24.85
2017-08-11,1,SKU-269645,CLEANING,1,218.9,269,24.85
2017-08-12,1,SKU-269645,CLEANING,0,205.4,2315,24.85
2017-08-13,1,SKU-269645,CLEANING,1,267.3,1802,24.85
2017-08-14,1,SKU-269645,CLEANING,0,160.9,1681,24.85
2017-08-15,1,SKU-269645,CLEANING,0,151.1,1183,24.85
2017-08-16,1,SKU-269645,CLEANING,0,150.0,521,24.85
2017-08-01,1,SKU-281410,CLEANING,1,112.3,1250,41.55
2017-08-02,1,SKU-281410,CLEANING,0,83.4,1142,41.55
2017-08-03,1,SKU-281410,CLEANING,0,80.5,810,41.55
2017-08-04,1,SKU-281410,CLEANING,1,105.6,399,41.55
2017-08-05,1,SKU-281410,CLEANING,1,144.7,985,41.55
2017-08-06,1,SKU-281410,CLEANING,0,100.4,706,41.55
2017-08-07,1,SKU-281410,CLEANING,1,105.8,627,41.55
2017-08-08,1,SKU-281410,CLEANING,1,108.0,1163,41.55
2017-08-09,1,SKU-281410,CLEANING,0,83.7,1149,41.55
2017-08-10,1,SKU-281410,CLEANING,0,84.0,1162,41.55
2017-08-11,1,SKU-281410,CLEANING,1,108.9,745,41.55
2017-08-12,1,SKU-281410,CLEANING,0,100.7,699,41.55
2017-08-13,1,SKU-281410,CLEANING,0,104.8,791,41.55
2017-08-14,1,SKU-281410,CLEANING,1,113.1,517,41.55
2017-08-15,1,SKU-281410,CLEANING,0,83.3,233,41.55
2017-08-16,1,SKU-281410,CLEANING,0,84.1,170,41.55
2017-08-01,1,SKU-130653,CLEANING,0,158.3,2028,12.28
2017-08-02,1,SKU-130653,CLEANING,1,222.2,2713,12.28
2017-08-03,1,SKU-130653,CLEANING,1,221.1,1887,12.28
2017-08-04,1,SKU-130653,CLEANING,0,154.5,1488,12.28
2017-08-05,1,SKU-130653,CLEANING,1,271.2,2750,12.28
2017-08-06,1,SKU-130653,CLEANING,0,200.2,1155,12.28
2017-08-07,1,SKU-130653,CLEANING,0,157.4,1652,12.28
2017-08-08,1,SKU-130653,CLEANING,1,223.6,720,12.28
2017-08-09,1,SKU-130653,CLEANING,1,212.0,924,12.28
2017-08-10,1,SKU-130653,CLEANING,1,211.2,166,12.28
2017-08-11,1,SKU-130653,CLEANING,0,163.1,753,12.28
2017-08-12,1,SKU-130653,CLEANING,0,204.8,2106,12.28
2017-08-13,1,SKU-130653,CLEANING,1,270.3,638,12.28
2017-08-14,1,SKU-130653,CLEANING,0,158.5,1586,12.28
2017-08-15,1,SKU-130653,CLEANING,0,156.6,1711,12.28
2017-08-16,1,SKU-130653,CLEANING,0,163.3,1857,12.28
2017-08-01,1,SKU-239972,CLEANING,1,283.2,1504,29.38
2017-08-02,1,SKU-239972,CLEANING,0,193.2,189,29.38
2017-08-03,1,SKU-239972,CLEANING,0,204.2,1627,29.38
2017-08-04,1,SKU-239972,CLEANING,0,206.8,2302,29.38
2017-08-05,1,SKU-239972,CLEANING,1,327.3,3651,29.38
2017-08-06,1,SKU-239972,CLEANING,1,326.7,1843,29.38
2017-08-07,1,SKU-239972,CLEANING,1,273.3,1969,29.38
2017-08-08,1,SKU-239972,CLEANING,0,201.7,1245,29.38
2017-08-09,1,SKU-239972,CLEANING,0,199.7,467,29.38
2017-08-10,1,SKU-239972,CLEANING,1,283.4,1868,29.38
2017-08-11,1,SKU-239972,CLEANING,0,199.0,394,29.38
2017-08-12,1,SKU-239972,CLEANING,1,329.1,523,29.38
2017-08-13,1,SKU-239972,CLEANING,0,257.2,1284,29.38
2017-08-14,1,SKU-239972,CLEANING,0,206.8,1057,29.38
2017-08-15,1,SKU-239972,CLEANING,0,197.7,601,29.38
2017-08-16,1,SKU-239972,CLEANING,0,203.8,2283,29.38
2017-08-01,1,SKU-198631,DAIRY,0,194.5,279,15.69
2017-08-02,1,SKU-198631,DAIRY,1,271.3,2553,15.69
2017-08-03,1,SKU-198631,DAIRY,1,284.6,694,15.69
2017-08-04,1,SKU-198631,DAIRY,0,208.4,2260,15.69
2017-08-05,1,SKU-198631,DAIRY,1,337.8,918,15.69
2017-08-06,1,SKU-198631,DAIRY,0,263.4,1183,15.69
2017-08-07,1,SKU-198631,DAIRY,0,208.1,880,15.69
2017-08-08,1,SKU-198631,DAIRY,0,196.5,873,15.69
2017-08-09,1,SKU-198631,DAIRY,0,200.8,67,15.69
2017-08-10,1,SKU-198631,DAIRY,0,199.4,1845,15.69
2017-08-11,1,SKU-198631,DAIRY,0,204.9,352,15.69
2017-08-12,1,SKU-198631,DAIRY,0,248.8,243,15.69
2017-08-13,1,SKU-198631,DAIRY,0,256.3,2983,15.69
2017-08-14,1,SKU-198631,DAIRY,0,196.4,849,15.69
2017-08-15,1,SKU-198631,DAIRY,1,269.6,1547,15.69
2017-08-16,1,SKU-198631,DAIRY,0,195.1,2566,15.69
2017-08-01,1,SKU-955333,DAIRY,0,89.0,1072,25.91
2017-08-02,1,SKU-955333,DAIRY,0,82.4,596,25.91
2017-08-03,1,SKU-955333,DAIRY,1,111.8,104,25.91
2017-08-04,1,SKU-955333,DAIRY,0,86.8,304,25.91
2017-08-05,1,SKU-955333,DAIRY,1,151.8,299,25.91
2017-08-06,1,SKU-955333,DAIRY,0,102.8,305,25.91
2017-08-07,1,SKU-955333,DAIRY,0,84.4,971,25.91
2017-08-08,1,SKU-955333,DAIRY,0,82.8,56,25.91
2017-08-09,1,SKU-955333,DAIRY,0,82.1,400,25.91
2017-08-10,1,SKU-955333,DAIRY,0,88.6,110,25.91
2017-08-11,1,SKU-955333,DAIRY,0,81.1,718,25.91
2017-08-12,1,SKU-955333,DAIRY,0,111.0,830,25.91
2017-08-13,1,SKU-955333,DAIRY,0,104.8,134,25.91
2017-08-14,1,SKU-955333,DAIRY,0,88.5,642,25.91
2017-08-15,1,SKU-955333,DAIRY,1,112.7,712,25.91
2017-08-16,1,SKU-955333,DAIRY,0,81.9,483,25.91
2017-08-01,1,SKU-645771,DAIRY,1,319.1,724,3.92
2017-08-02,1,SKU-645771,DAIRY,0,236.3,2581,3.92
2017-08-03,1,SKU-645771,DAIRY,0,226.2,979,3.92
2017-08-04,1,SKU-645771,DAIRY,0,224.3,336,3.92
2017-08-05,1,SKU-645771,DAIRY,0,301.1,2116,3.92
2017-08-06,1,SKU-645771,DAIRY,0,290.9,1587,3.92
2017-08-07,1,SKU-645771,DAIRY,1,321.4,944,3.92
2017-08-08,1,SKU-645771,DAIRY,0,232.9,2002,3.92
2017-08-09,1,SKU-645771,DAIRY,0,239.1,2571,3.92
2017-08-10,1,SKU-645771,DAIRY,0,240.1,2527,3.92
2017-08-11,1,SKU-645771,DAIRY,1,327.3,1228,3.92
2017-08-12,1,SKU-645771,DAIRY,0,304.3,3292,3.92
2017-08-13,1,SKU-645771,DAIRY,1,378.1,3326,3.92
2017-08-14,1,SKU-645771,DAIRY,0,232.0,514,3.92
2017-08-15,1,SKU-645771,DAIRY,0,220.6,1950,3.92
2017-08-16,1,SKU-645771,DAIRY,0,222.7,1013,3.92
2017-08-01,1,SKU-660804,DAIRY,0,278.9,2532,15.42
2017-08-02,1,SKU-660804,DAIRY,1,369.1,4889,15.42
2017-08-03,1,SKU-660804,DAIRY,0,283.0,3293,15.42
2017-08-04,1,SKU-660804,DAIRY,0,274.1,2493,15.42
2017-08-05,1,SKU-660804,DAIRY,0,331.2,4458,15.42
2017-08-06,1,SKU-660804,DAIRY,0,336.6,3593,15.42
2017-08-07,1,SKU-660804,DAIRY,0,256.6,2647,15.42
2017-08-08,1,SKU-660804,DAIRY,1,352.0,4714,15.42
2017-08-09,1,SKU-660804,DAIRY,0,268.6,440,15.42
2017-08-10,1,SKU-660804,DAIRY,0,266.4,1323,15.42
2017-08-11,1,SKU-660804,DAIRY,1,346.3,3870,15.42
2017-08-12,1,SKU-660804,DAIRY,0,357.3,2952,15.42
2017-08-13,1,SKU-660804,DAIRY,0,325.4,4024,15.42
2017-08-14,1,SKU-660804,DAIRY,1,358.6,3106,15.42
2017-08-15,1,SKU-660804,DAIRY,0,282.4,3756,15.42
2017-08-16,1,SKU-660804,DAIRY,1,377.5,4807,15.42
2017-08-01,1,SKU-852644,DAIRY,1,327.5,399,32.34
2017-08-02,1,SKU-852644,DAIRY,0,245.3,764,32.34
2017-08-03,1,SKU-852644,DAIRY,0,243.2,1280,32.34
2017-08-04,1,SKU-852644,DAIRY,0,232.0,3056,32.34
2017-08-05,1,SKU-852644,DAIRY,1,390.2,4184,32.34
2017-08-06,1,SKU-852644,DAIRY,1,390.6,2027,32.34
2017-08-07,1,SKU-852644,DAIRY,0,239.7,2612,32.34
2017-08-08,1,SKU-852644,DAIRY,0,232.5,3178,32.34
2017-08-09,1,SKU-852644,DAIRY,0,246.1,501,32.34
2017-08-10,1,SKU-852644,DAIRY,0,239.5,652,32.34
2017-08-11,1,SKU-852644,DAIRY,0,232.6,1824,32.34
2017-08-12,1,SKU-852644,DAIRY,0,290.9,3549,32.34
2017-08-13,1,SKU-852644,DAIRY,0,295.9,2743,32.34
2017-08-14,1,SKU-852644,DAIRY,0,240.8,440,32.34
2017-08-15,1,SKU-852644,DAIRY,1,329.0,632,32.34
2017-08-16,1,SKU-852644,DAIRY,0,248.3,1980,32.34
2017-08-01,1,SKU-126627,DAIRY,1,138.3,1167,7.43
2017-08-02,1,SKU-126627,DAIRY,0,100.8,224,7.43
2017-08-03,1,SKU-126627,DAIRY,1,130.8,1154,7.43
2017-08-04,1,SKU-126627,DAIRY,0,97.9,966,7.43
2017-08-05,1,SKU-126627,DAIRY,1,170.2,1894,7.43
2017-08-06,1,SKU-126627,DAIRY,0,128.0,544,7.43
2017-08-07,1,SKU-126627,DAIRY,0,94.5,902,7.43
2017-08-08,1,SKU-126627,DAIRY,1,134.9,502,7.43
2017-08-09,1,SKU-126627,DAIRY,0,98.5,99,7.43
2017-08-10,1,SKU-126627,DAIRY,0,99.9,1353,7.43
2017-08-11,1,SKU-126627,DAIRY,0,95.3,1092,7.43
2017-08-12,1,SKU-126627,DAIRY,1,173.6,529,7.43
2017-08-13,1,SKU-126627,DAIRY,0,130.1,296,7.43
2017-08-14,1,SKU-126627,DAIRY,0,95.7,675,7.43
2017-08-15,1,SKU-126627,DAIRY,1,132.5,1496,7.43
2017-08-16,1,SKU-126627,DAIRY,0,103.2,635,7.43
2017-08-01,1,SKU-837563,DAIRY,1,173.1,1444,33.8
2017-08-02,1,SKU-837563,DAIRY,1,179.2,1653,33.8
2017-08-03,1,SKU-837563,DAIRY,1,175.1,21,33.8
2017-08-04,1,SKU-837563,DAIRY,0,134.9,282,33.8
2017-08-05,1,SKU-837563,DAIRY,0,169.7,471,33.8
2017-08-06,1,SKU-837563,DAIRY,1,226.5,3127,33.8
2017-08-07,1,SKU-837563,DAIRY,0,126.4,1598,33.8
2017-08-08,1,SKU-837563,DAIRY,0,129.4,1284,33.8
2017-08-09,1,SKU-837563,DAIRY,0,134.4,1255,33.8
2017-08-10,1,SKU-837563,DAIRY,0,124.0,339,33.8
2017-08-11,1,SKU-837563,DAIRY,0,131.7,173,33.8
2017-08-12,1,SKU-837563,DAIRY,0,169.3,1323,33.8
2017-08-13,1,SKU-837563,DAIRY,0,170.0,589,33.8
2017-08-14,1,SKU-837563,DAIRY,1,177.7,1844,33.8
2017-08-15,1,SKU-837563,DAIRY,1,173.9,1985,33.8
2017-08-16,1,SKU-837563,DAIRY,1,171.4,966,33.8
2017-08-01,1,SKU-464385,DAIRY,0,150.5,1530,8.02
2017-08-02,1,SKU-464385,DAIRY,0,159.4,1547,8.02
2017-08-03,1,SKU-464385,DAIRY,0,150.5,670,8.02
2017-08-04,1,SKU-464385,DAIRY,0,159.3,262,8.02
2017-08-05,1,SKU-464385,DAIRY,1,273.3,720,8.02
2017-08-06,1,SKU-464385,DAIRY,1,270.9,2839,8.02
2017-08-07,1,SKU-464385,DAIRY,0,150.9,507,8.02
2017-08-08,1,SKU-464385,DAIRY,0,160.8,1663,8.02
2017-08-09,1,SKU-464385,DAIRY,1,201.6,42,8.02
2017-08-10,1,SKU-464385,DAIRY,0,152.8,721,8.02
2017-08-11,1,SKU-464385,DAIRY,0,150.0,1353,8.02
2017-08-12,1,SKU-464385,DAIRY,0,199.9,2335,8.02
2017-08-13,1,SKU-464385,DAIRY,0,205.8,1533,8.02
2017-08-14,1,SKU-464385,DAIRY,1,204.7,1736,8.02
2017-08-15,1,SKU-464385,DAIRY,0,160.5,1365,8.02
2017-08-16,1,SKU-464385,DAIRY,0,162.7,865,8.02
2017-08-01,1,SKU-140831,DAIRY,0,103.6,709,31.66
2017-08-02,1,SKU-140831,DAIRY,0,107.3,1199,31.66
2017-08-03,1,SKU-140831,DAIRY,0,102.4,152,31.66
2017-08-04,1,SKU-140831,DAIRY,1,137.7,852,31.66
2017-08-05,1,SKU-140831,DAIRY,0,128.6,1347,31.66
2017-08-06,1,SKU-140831,DAIRY,1,177.3,1635,31.66
2017-08-07,1,SKU-140831,DAIRY,0,98.9,100,31.66
2017-08-08,1,SKU-140831,DAIRY,0,106.4,1361,31.66
2017-08-09,1,SKU-140831,DAIRY,0,102.4,328,31.66
2017-08-10,1,SKU-140831,DAIRY,1,145.0,426,31.66
2017-08-11,1,SKU-140831,DAIRY,1,143.4,363,31.66
2017-08-12,1,SKU-140831,DAIRY,0,132.7,58,31.66
2017-08-13,1,SKU-140831,DAIRY,0,126.6,965,31.66
2017-08-14,1,SKU-140831,DAIRY,1,140.5,80,31.66
2017-08-15,1,SKU-140831,DAIRY,0,104.9,488,31.66
2017-08-16,1,SKU-140831,DAIRY,0,100.3,1093,31.66
2017-08-01,1,SKU-632589,DAIRY,0,118.8,367,44.62
2017-08-02,1,SKU-632589,DAIRY,0,120.1,1592,44.62
2017-08-03,1,SKU-632589,DAIRY,0,118.2,300,44.62
2017-08-04,1,SKU-632589,DAIRY,1,156.8,210,44.62
2017-08-05,1,SKU-632589,DAIRY,0,139.3,1415,44.62
2017-08-06,1,SKU-632589,DAIRY,0,144.5,728,44.62
2017-08-07,1,SKU-632589,DAIRY,0,117.1,1125,44.62
2017-08-08,1,SKU-632589,DAIRY,0,114.4,643,44.62
2017-08-09,1,SKU-632589,DAIRY,1,152.3,560,44.62
2017-08-10,1,SKU-632589,DAIRY,1,152.8,1813,44.62
2017-08-11,1,SKU-632589,DAIRY,0,117.1,83,44.62
2017-08-12,1,SKU-632589,DAIRY,0,142.7,1633,44.62
2017-08-13,1,SKU-632589,DAIRY,1,194.9,2252,44.62
2017-08-14,1,SKU-632589,DAIRY,0,120.1,1365,44.62
2017-08-15,1,SKU-632589,DAIRY,0,117.2,883,44.62
2017-08-16,1,SKU-632589,DAIRY,0,111.9,1444,44.62
2017-08-01,1,SKU-254558,DAIRY,1,190.1,2219,35.42
2017-08-02,1,SKU-254558,DAIRY,0,135.0,1421,35.42
2017-08-03,1,SKU-254558,DAIRY,0,132.8,1696,35.42
2017-08-04,1,SKU-254558,DAIRY,0,139.0,1415,35.42
2017-08-05,1,SKU-254558,DAIRY,0,184.5,186,35.42
2017-08-06,1,SKU-254558,DAIRY,0,181.4,1196,35.42
2017-08-07,1,SKU-254558,DAIRY,1,196.7,2051,35.42
2017-08-08,1,SKU-254558,DAIRY,0,140.6,1795,35.42
2017-08-09,1,SKU-254558,DAIRY,0,142.3,932,35.42
2017-08-10,1,SKU-254558,DAIRY,0,133.6,1781,35.42
2017-08-11,1,SKU-254558,DAIRY,0,134.2,1612,35.42
2017-08-12,1,SKU-254558,DAIRY,0,181.3,330,35.42
2017-08-13,1,SKU-254558,DAIRY,1,240.5,2488,35.42
2017-08-14,1,SKU-254558,DAIRY,0,137.2,521,35.42
2017-08-15,1,SKU-254558,DAIRY,1,182.7,1811,35.42
2017-08-16,1,SKU-254558,DAIRY,0,135.5,648,35.42
2017-08-01,1,SKU-410325,DAIRY,0,224.4,2345,34.09
2017-08-02,1,SKU-410325,DAIRY,0,235.1,2650,34.09
2017-08-03,1,SKU-410325,DAIRY,1,307.9,837,34.09
2017-08-04,1,SKU-410325,DAIRY,0,234.3,2908,34.09
2017-08-05,1,SKU-410325,DAIRY,0,278.6,3647,34.09
2017-08-06,1,SKU-410325,DAIRY,1,387.4,3230,34.09
2017-08-07,1,SKU-410325,DAIRY,1,316.0,4281,34.09
2017-08-08,1,SKU-410325,DAIRY,0,230.5,2235,34.09
2017-08-09,1,SKU-410325,DAIRY,1,320.3,4385,34.09
2017-08-10,1,SKU-410325,DAIRY,0,236.3,1419,34.09
2017-08-11,1,SKU-410325,DAIRY,0,223.0,2556,34.09
2017-08-12,1,SKU-410325,DAIRY,1,380.5,308,34.09
2017-08-13,1,SKU-410325,DAIRY,1,394.7,5303,34.09
2017-08-14,1,SKU-410325,DAIRY,0,218.9,1514,34.09
2017-08-15,1,SKU-410325,DAIRY,0,223.2,402,34.09
2017-08-16,1,SKU-410325,DAIRY,0,219.7,2934,34.09
2017-08-01,1,SKU-528960,DAIRY,0,141.4,1399,40.59
2017-08-02,1,SKU-528960,DAIRY,1,195.7,1764,40.59
2017-08-03,1,SKU-528960,DAIRY,1,189.3,742,40.59
2017-08-04,1,SKU-528960,DAIRY,1,189.4,2403,40.59
2017-08-05,1,SKU-528960,DAIRY,0,174.7,2318,40.59
2017-08-06,1,SKU-528960,DAIRY,0,184.3,2461,40.59
2017-08-07,1,SKU-528960,DAIRY,1,189.8,1722,40.59
2017-08-08,1,SKU-528960,DAIRY,1,193.8,1713,40.59
2017-08-09,1,SKU-528960,DAIRY,1,192.1,2623,40.59
2017-08-10,1,SKU-528960,DAIRY,0,134.7,856,40.59
2017-08-11,1,SKU-528960,DAIRY,0,143.7,331,40.59
2017-08-12,1,SKU-528960,DAIRY,1,233.9,1410,40.59
2017-08-13,1,SKU-528960,DAIRY,0,177.9,155,40.59
2017-08-14,1,SKU-528960,DAIRY,0,143.2,382,40.59
2017-08-15,1,SKU-528960,DAIRY,0,143.8,196,40.59
2017-08-16,1,SKU-528960,DAIRY,0,133.1,652,40.59
2017-08-01,1,SKU-129152,DAIRY,0,218.0,1869,22.77
2017-08-02,1,SKU-129152,DAIRY,0,229.4,715,22.77
2017-08-03,1,SKU-129152,DAIRY,0,234.8,1167,22.77
2017-08-04,1,SKU-129152,DAIRY,0,231.7,582,22.77
2017-08-05,1,SKU-129152,DAIRY,0,273.6,1033,22.77
2017-08-06,1,SKU-129152,DAIRY,0,272.6,3328,22.77
2017-08-07,1,SKU-129152,DAIRY,0,227.6,1189,22.77
2017-08-08,1,SKU-129152,DAIRY,0,224.1,2390,22.77
2017-08-09,1,SKU-129152,DAIRY,1,309.8,2136,22.77
2017-08-10,1,SKU-129152,DAIRY,1,304.4,484,22.77
2017-08-11,1,SKU-129152,DAIRY,0,235.7,712,22.77
2017-08-12,1,SKU-129152,DAIRY,1,375.0,2267,22.77
2017-08-13,1,SKU-129152,DAIRY,0,275.3,2844,22.77
2017-08-14,1,SKU-129152,DAIRY,0,226.6,1799,22.77
2017-08-15,1,SKU-129152,DAIRY,0,224.2,280,22.77
2017-08-16,1,SKU-129152,DAIRY,0,234.6,1891,22.77
2017-08-01,1,SKU-218792,DAIRY,0,36.8,259,12.4
2017-08-02,1,SKU-218792,DAIRY,0,36.4,215,12.4
2017-08-03,1,SKU-218792,DAIRY,1,48.5,484,12.4
2017-08-04,1,SKU-218792,DAIRY,0,36.9,375,12.4
2017-08-05,1,SKU-218792,DAIRY,1,58.4,371,12.4
2017-08-06,1,SKU-218792,DAIRY,0,43.6,256,12.4
2017-08-07,1,SKU-218792,DAIRY,1,48.2,665,12.4
2017-08-08,1,SKU-218792,DAIRY,0,36.7,302,12.4
2017-08-09,1,SKU-218792,DAIRY,0,37.6,76,12.4
2017-08-10,1,SKU-218792,DAIRY,1,49.4,186,12.4
2017-08-11,1,SKU-218792,DAIRY,1,48.2,551,12.4
2017-08-12,1,SKU-218792,DAIRY,0,47.0,422,12.4
2017-08-13,1,SKU-218792,DAIRY,0,46.1,131,12.4
2017-08-14,1,SKU-218792,DAIRY,0,34.8,20,12.4
2017-08-15,1,SKU-218792,DAIRY,0,36.1,248,12.4
2017-08-16,1,SKU-218792,DAIRY,0,35.0,338,12.4
2017-08-01,1,SKU-794618,POULTRY,0,98.4,693,12.1
2017-08-02,1,SKU-794618,POULTRY,0,92.4,681,12.1
2017-08-03,1,SKU-794618,POULTRY,0,92.8,328,12.1
2017-08-04,1,SKU-794618,POULTRY,0,96.0,306,12.1
2017-08-05,1,SKU-794618,POULTRY,1,155.1,1047,12.1
2017-08-06,1,SKU-794618,POULTRY,0,113.7,1469,12.1
2017-08-07,1,SKU-794618,POULTRY,1,130.1,1577,12.1
2017-08-08,1,SKU-794618,POULTRY,1,129.5,1537,12.1
2017-08-09,1,SKU-794618,POULTRY,0,95.0,1034,12.1
2017-08-10,1,SKU-794618,POULTRY,0,97.9,223,12.1
2017-08-11,1,SKU-794618,POULTRY,1,125.2,579,12.1
2017-08-12,1,SKU-794618,POULTRY,0,124.0,311,12.1
2017-08-13,1,SKU-794618,POULTRY,0,121.1,483,12.1
2017-08-14,1,SKU-794618,POULTRY,1,122.0,1042,12.1
2017-08-15,1,SKU-794618,POULTRY,0,92.1,219,12.1
2017-08-16,1,SKU-794618,POULTRY,1,132.9,209,12.1
2017-08-01,1,SKU-669335,POULTRY,0,115.4,218,30.96
2017-08-02,1,SKU-669335,POULTRY,0,119.0,928,30.96
2017-08-03,1,SKU-669335,POULTRY,1,151.5,701,30.96
2017-08-04,1,SKU-669335,POULTRY,0,116.4,926,30.96
2017-08-05,1,SKU-669335,POULTRY,1,185.3,1840,30.96
2017-08-06,1,SKU-669335,POULTRY,0,139.5,1001,30.96
2017-08-07,1,SKU-669335,POULTRY,0,110.0,318,30.96
2017-08-08,1,SKU-669335,POULTRY,0,113.1,509,30.96
2017-08-09,1,SKU-669335,POULTRY,0,108.4,1472,30.96
2017-08-10,1,SKU-669335,POULTRY,1,153.8,2142,30.96
2017-08-11,1,SKU-669335,POULTRY,0,109.2,188,30.96
2017-08-12,1,SKU-669335,POULTRY,1,197.1,2328,30.96
2017-08-13,1,SKU-669335,POULTRY,1,193.6,141,30.96
2017-08-14,1,SKU-669335,POULTRY,0,109.2,296,30.96
2017-08-15,1,SKU-669335,POULTRY,0,109.7,264,30.96
2017-08-16,1,SKU-669335,POULTRY,0,112.3,740,30.96
2017-08-01,1,SKU-777946,POULTRY,0,184.4,2203,42.27
2017-08-02,1,SKU-777946,POULTRY,0,197.2,602,42.27
2017-08-03,1,SKU-777946,POULTRY,1,270.4,2409,42.27
2017-08-04,1,SKU-777946,POULTRY,0,199.7,2217,42.27
2017-08-05,1,SKU-777946,POULTRY,1,312.4,3496,42.27
2017-08-06,1,SKU-777946,POULTRY,0,235.9,1910,42.27
2017-08-07,1,SKU-777946,POULTRY,0,195.2,1665,42.27
2017-08-08,1,SKU-777946,POULTRY,0,195.1,2524,42.27
2017-08-09,1,SKU-777946,POULTRY,0,194.0,935,42.27
2017-08-10,1,SKU-777946,POULTRY,0,188.0,938,42.27
2017-08-11,1,SKU-777946,POULTRY,0,201.4,1765,42.27
2017-08-12,1,SKU-777946,POULTRY,0,239.9,1816,42.27
2017-08-13,1,SKU-777946,POULTRY,0,239.3,1559,42.27
2017-08-14,1,SKU-777946,POULTRY,0,186.0,1453,42.27
2017-08-15,1,SKU-777946,POULTRY,1,250.4,124,42.27
2017-08-16,1,SKU-777946,POULTRY,0,201.3,2337,42.27
2017-08-01,1,SKU-799748,POULTRY,0,257.1,1078,8.04
2017-08-02,1,SKU-799748,POULTRY,1,362.8,2100,8.04
2017-08-03,1,SKU-799748,POULTRY,1,349.0,2557,8.04
2017-08-04,1,SKU-799748,POULTRY,0,252.1,1359,8.04
2017-08-05,1,SKU-799748,POULTRY,0,340.4,3066,8.04
2017-08-06,1,SKU-799748,POULTRY,0,310.0,4260,8.04
2017-08-07,1,SKU-799748,POULTRY,0,269.4,2076,8.04
2017-08-08,1,SKU-799748,POULTRY,0,263.5,1190,8.04
2017-08-09,1,SKU-799748,POULTRY,0,258.8,2439,8.04
2017-08-10,1,SKU-799748,POULTRY,1,337.4,2902,8.04
2017-08-11,1,SKU-799748,POULTRY,0,247.8,2343,8.04
2017-08-12,1,SKU-799748,POULTRY,0,329.1,1021,8.04
2017-08-13,1,SKU-799748,POULTRY,0,313.9,1100,8.04
2017-08-14,1,SKU-799748,POULTRY,1,353.2,4696,8.04
2017-08-15,1,SKU-799748,POULTRY,0,265.6,2602,8.04
2017-08-16,1,SKU-799748,POULTRY,0,264.0,2651,8.04
2017-08-01,1,SKU-601156,POULTRY,1,217.2,2522,3.82
2017-08-02,1,SKU-601156,POULTRY,0,166.6,2329,3.82
2017-08-03,1,SKU-601156,POULTRY,1,222.3,2530,3.82
2017-08-04,1,SKU-601156,POULTRY,0,155.2,1474,3.82
2017-08-05,1,SKU-601156,POULTRY,1,286.4,2174,3.82
2017-08-06,1,SKU-601156,POULTRY,0,206.1,2826,3.82
2017-08-07,1,SKU-601156,POULTRY,0,157.4,1198,3.82
2017-08-08,1,SKU-601156,POULTRY,0,152.5,726,3.82
2017-08-09,1,SKU-601156,POULTRY,1,206.4,1245,3.82
2017-08-10,1,SKU-601156,POULTRY,1,226.1,3119,3.82
2017-08-11,1,SKU-601156,POULTRY,0,167.4,92,3.82
2017-08-12,1,SKU-601156,POULTRY,1,277.1,975,3.82
2017-08-13,1,SKU-601156,POULTRY,0,194.8,2378,3.82
2017-08-14,1,SKU-601156,POULTRY,0,162.2,368,3.82
2017-08-15,1,SKU-601156,POULTRY,0,168.1,1774,3.82
2017-08-16,1,SKU-601156,POULTRY,1,211.8,496,3.82
2017-08-01,1,SKU-696050,POULTRY,0,77.0,772,43.01
2017-08-02,1,SKU-696050,POULTRY,1,105.9,57,43.01
2017-08-03,1,SKU-696050,POULTRY,1,105.2,570,43.01
2017-08-04,1,SKU-696050,POULTRY,1,103.8,1154,43.01
2017-08-05,1,SKU-696050,POULTRY,0,96.3,44,43.01
2017-08-06,1,SKU-696050,POULTRY,1,133.9,1244,43.01
2017-08-07,1,SKU-696050,POULTRY,0,76.8,357,43.01
2017-08-08,1,SKU-696050,POULTRY,0,76.8,161,43.01
2017-08-09,1,SKU-696050,POULTRY,0,76.7,469,43.01
2017-08-10,1,SKU-696050,POULTRY,1,99.5,68,43.01
2017-08-11,1,SKU-696050,POULTRY,0,76.5,597,43.01
2017-08-12,1,SKU-696050,POULTRY,0,95.1,925,43.01
2017-08-13,1,SKU-696050,POULTRY,0,93.6,284,43.01
2017-08-14,1,SKU-696050,POULTRY,0,73.1,203,43.01
2017-08-15,1,SKU-696050,POULTRY,1,99.2,328,43.01
2017-08-16,1,SKU-696050,POULTRY,1,100.6,599,43.01
2017-08-01,1,SKU-915668,POULTRY,0,137.6,319,15.71
2017-08-02,1,SKU-915668,POULTRY,0,133.5,648,15.71
2017-08-03,1,SKU-915668,POULTRY,0,136.6,1729,15.71
2017-08-04,1,SKU-915668,POULTRY,1,174.2,2390,15.71
2017-08-05,1,SKU-915668,POULTRY,0,161.9,1137,15.71
2017-08-06,1,SKU-915668,POULTRY,1,216.6,1927,15.71
2017-08-07,1,SKU-915668,POULTRY,1,174.7,1698,15.71
2017-08-08,1,SKU-915668,POULTRY,0,131.4,523,15.71
2017-08-09,1,SKU-915668,POULTRY,0,130.7,1522,15.71
2017-08-10,1,SKU-915668,POULTRY,1,186.8,434,15.71
2017-08-11,1,SKU-915668,POULTRY,0,131.8,1347,15.71
2017-08-12,1,SKU-915668,POULTRY,1,232.5,1893,15.71
2017-08-13,1,SKU-915668,POULTRY,0,172.9,437,15.71
2017-08-14,1,SKU-915668,POULTRY,0,137.2,1091,15.71
2017-08-15,1,SKU-915668,POULTRY,0,131.1,166,15.71
2017-08-16,1,SKU-915668,POULTRY,0,129.7,1573,15.71
2017-08-01,1,SKU-658408,POULTRY,0,45.1,377,13.96
2017-08-02,1,SKU-658408,POULTRY,1,59.8,813,13.96
2017-08-03,1,SKU-658408,POULTRY,0,44.1,360,13.96
2017-08-04,1,SKU-658408,POULTRY,0,45.0,409,13.96
2017-08-05,1,SKU-658408,POULTRY,1,76.3,212,13.96
2017-08-06,1,SKU-658408,POULTRY,0,53.3,439,13.96
2017-08-07,1,SKU-658408,POULTRY,0,45.7,29,13.96
2017-08-08,1,SKU-658408,POULTRY,0,41.7,238,13.96
2017-08-09,1,SKU-658408,POULTRY,1,60.7,628,13.96
2017-08-10,1,SKU-658408,POULTRY,1,57.7,80,13.96
2017-08-11,1,SKU-658408,POULTRY,0,45.0,462,13.96
2017-08-12,1,SKU-658408,POULTRY,0,54.1,293,13.96
2017-08-13,1,SKU-658408,POULTRY,1,70.9,770,13.96
2017-08-14,1,SKU-658408,POULTRY,0,41.5,434,13.96
2017-08-15,1,SKU-658408,POULTRY,0,44.5,443,13.96
2017-08-16,1,SKU-658408,POULTRY,0,44.7,367,13.96
2017-08-01,1,SKU-167696,POULTRY,0,65.1,14,36.25
2017-08-02,1,SKU-167696,POULTRY,1,81.3,1081,36.25
2017-08-03,1,SKU-167696,POULTRY,1,83.6,381,36.25
2017-08-04,1,SKU-167696,POULTRY,1,88.5,1105,36.25
2017-08-05,1,SKU-167696,POULTRY,1,110.9,893,36.25
2017-08-06,1,SKU-167696,POULTRY,0,76.3,697,36.25
2017-08-07,1,SKU-167696,POULTRY,0,63.5,213,36.25
2017-08-08,1,SKU-167696,POULTRY,0,61.4,401,36.25
2017-08-09,1,SKU-167696,POULTRY,0,61.0,749,36.25
2017-08-10,1,SKU-167696,POULTRY,0,65.3,247,36.25
2017-08-11,1,SKU-167696,POULTRY,0,60.0,87,36.25
2017-08-12,1,SKU-167696,POULTRY,0,76.3,959,36.25
2017-08-13,1,SKU-167696,POULTRY,1,112.2,1508,36.25
2017-08-14,1,SKU-167696,POULTRY,0,63.2,124,36.25
2017-08-15,1,SKU-167696,POULTRY,0,64.8,777,36.25
2017-08-16,1,SKU-167696,POULTRY,1,87.9,347,36.25
2017-08-01,1,SKU-105699,POULTRY,0,195.3,1219,42.32
2017-08-02,1,SKU-105699,POULTRY,0,204.2,1273,42.32
2017-08-03,1,SKU-105699,POULTRY,0,202.9,2514,42.32
2017-08-04,1,SKU-105699,POULTRY,0,200.3,465,42.32
2017-08-05,1,SKU-105699,POULTRY,0,244.4,1479,42.32
2017-08-06,1,SKU-105699,POULTRY,1,339.6,921,42.32
2017-08-07,1,SKU-105699,POULTRY,0,196.4,1717,42.32
2017-08-08,1,SKU-105699,POULTRY,0,196.6,1558,42.32
2017-08-09,1,SKU-105699,POULTRY,0,190.4,74,42.32
2017-08-10,1,SKU-105699,POULTRY,0,190.6,904,42.32
2017-08-11,1,SKU-105699,POULTRY,1,274.1,2348,42.32
2017-08-12,1,SKU-105699,POULTRY,1,331.5,4108,42.32
2017-08-13,1,SKU-105699,POULTRY,0,248.5,1416,42.32
2017-08-14,1,SKU-105699,POULTRY,0,208.2,412,42.32
2017-08-15,1,SKU-105699,POULTRY,0,195.1,213,42.32
2017-08-16,1,SKU-105699,POULTRY,0,189.7,783,42.32
2017-08-01,1,SKU-966938,POULTRY,0,106.8,216,29.4
2017-08-02,1,SKU-966938,POULTRY,0,98.3,814,29.4
2017-08-03,1,SKU-966938,POULTRY,0,103.4,1165,29.4
2017-08-04,1,SKU-966938,POULTRY,0,102.4,1309,29.4
2017-08-05,1,SKU-966938,POULTRY,0,124.8,606,29.4
2017-08-06,1,SKU-966938,POULTRY,0,124.1,1068,29.4
2017-08-07,1,SKU-966938,POULTRY,1,139.5,733,29.4
2017-08-08,1,SKU-966938,POULTRY,0,106.2,1297,29.4
2017-08-09,1,SKU-966938,POULTRY,0,100.3,1000,29.4
2017-08-10,1,SKU-966938,POULTRY,0,97.9,431,29.4
2017-08-11,1,SKU-966938,POULTRY,0,99.3,309,29.4
2017-08-12,1,SKU-966938,POULTRY,0,130.2,1123,29.4
2017-08-13,1,SKU-966938,POULTRY,0,134.3,775,29.4
2017-08-14,1,SKU-966938,POULTRY,0,98.9,961,29.4
2017-08-15,1,SKU-966938,POULTRY,0,97.2,844,29.4
2017-08-16,1,SKU-966938,POULTRY,0,104.4,1131,29.4
2017-08-01,1,SKU-998334,POULTRY,1,52.9,532,3.2
2017-08-02,1,SKU-998334,POULTRY,0,37.0,91,3.2
2017-08-03,1,SKU-998334,POULTRY,0,37.1,237,3.2
2017-08-04,1,SKU-998334,POULTRY,0,36.7,67,3.2
2017-08-05,1,SKU-998334,POULTRY,0,46.6,95,3.2
2017-08-06,1,SKU-998334,POULTRY,0,48.5,488,3.2
2017-08-07,1,SKU-998334,POULTRY,0,39.6,475,3.2
2017-08-08,1,SKU-998334,POULTRY,0,36.9,233,3.2
2017-08-09,1,SKU-998334,POULTRY,0,40.5,540,3.2
2017-08-10,1,SKU-998334,POULTRY,0,39.1,488,3.2
2017-08-11,1,SKU-998334,POULTRY,1,52.1,197,3.2
2017-08-12,1,SKU-998334,POULTRY,0,48.8,496,3.2
2017-08-13,1,SKU-998334,POULTRY,1,68.3,203,3.2
2017-08-14,1,SKU-998334,POULTRY,1,51.1,492,3.2
2017-08-15,1,SKU-998334,POULTRY,0,37.8,131,3.2
2017-08-16,1,SKU-998334,POULTRY,0,36.9,444,3.2
2017-08-01,1,SKU-292023,POULTRY,0,145.5,1500,34.17
2017-08-02,1,SKU-292023,POULTRY,1,213.2,1711,34.17
2017-08-03,1,SKU-292023,POULTRY,1,210.1,466,34.17
2017-08-04,1,SKU-292023,POULTRY,0,145.3,657,34.17
2017-08-05,1,SKU-292023,POULTRY,0,201.3,1220,34.17
2017-08-06,1,SKU-292023,POULTRY,1,263.8,763,34.17
2017-08-07,1,SKU-292023,POULTRY,0,152.5,1498,34.17
2017-08-08,1,SKU-292023,POULTRY,1,202.0,2535,34.17
2017-08-09,1,SKU-292023,POULTRY,0,154.7,1299,34.17
2017-08-10,1,SKU-292023,POULTRY,0,145.4,52,34.17
2017-08-11,1,SKU-292023,POULTRY,0,155.5,384,34.17
2017-08-12,1,SKU-292023,POULTRY,0,187.7,2096,34.17
2017-08-13,1,SKU-292023,POULTRY,1,266.0,1959,34.17
2017-08-14,1,SKU-292023,POULTRY,0,156.5,415,34.17
2017-08-15,1,SKU-292023,POULTRY,0,147.0,1390,34.17
2017-08-16,1,SKU-292023,POULTRY,0,154.1,902,34.17
2017-08-01,1,SKU-415016,POULTRY,0,280.5,1426,21.35
2017-08-02,1,SKU-415016,POULTRY,0,298.2,3636,21.35
2017-08-03,1,SKU-415016,POULTRY,0,278.9,413,21.35
2017-08-04,1,SKU-415016,POULTRY,1,379.1,3043,21.35
2017-08-05,1,SKU-415016,POULTRY,1,480.7,5431,21.35
2017-08-06,1,SKU-415016,POULTRY,0,366.6,2218,21.35
2017-08-07,1,SKU-415016,POULTRY,0,298.5,2562,21.35
2017-08-08,1,SKU-415016,POULTRY,0,277.6,164,21.35
2017-08-09,1,SKU-415016,POULTRY,1,379.2,4361,21.35
2017-08-10,1,SKU-415016,POULTRY,0,280.9,3066,21.35
2017-08-11,1,SKU-415016,POULTRY,0,295.4,2444,21.35
2017-08-12,1,SKU-415016,POULTRY,0,361.8,30,21.35
2017-08-13,1,SKU-415016,POULTRY,0,348.9,3198,21.35
2017-08-14,1,SKU-415016,POULTRY,0,278.5,1298,21.35
2017-08-15,1,SKU-415016,POULTRY,0,271.6,1189,21.35
2017-08-16,1,SKU-415016,POULTRY,0,273.6,598,21.35
2017-08-01,1,SKU-476832,POULTRY,0,184.9,1186,41.66
2017-08-02,1,SKU-476832,POULTRY,0,191.0,1024,41.66
2017-08-03,1,SKU-476832,POULTRY,0,176.8,115,41.66
2017-08-04,1,SKU-476832,POULTRY,0,188.8,546,41.66
2017-08-05,1,SKU-476832,POULTRY,0,237.8,857,41.66
2017-08-06,1,SKU-476832,POULTRY,0,237.7,1558,41.66
2017-08-07,1,SKU-476832,POULTRY,0,187.0,2560,41.66
2017-08-08,1,SKU-476832,POULTRY,0,182.8,1193,41.66
2017-08-09,1,SKU-476832,POULTRY,0,185.8,861,41.66
2017-08-10,1,SKU-476832,POULTRY,0,184.2,18,41.66
2017-08-11,1,SKU-476832,POULTRY,0,177.5,70,41.66
2017-08-12,1,SKU-476832,POULTRY,1,328.2,962,41.66
2017-08-13,1,SKU-476832,POULTRY,0,228.2,1581,41.66
2017-08-14,1,SKU-476832,POULTRY,0,180.5,1772,41.66
2017-08-15,1,SKU-476832,POULTRY,0,176.5,1899,41.66
2017-08-16,1,SKU-476832,POULTRY,0,184.8,1215,41.66
2017-08-01,1,SKU-516319,MEATS,0,84.9,583,26.52
2017-08-02,1,SKU-516319,MEATS,0,83.5,199,26.52
2017-08-03,1,SKU-516319,MEATS,0,82.0,609,26.52
2017-08-04,1,SKU-516319,MEATS,1,111.1,184,26.52
2017-08-05,1,SKU-516319,MEATS,0,111.9,135,26.52
2017-08-06,1,SKU-516319,MEATS,1,143.9,669,26.52
2017-08-07,1,SKU-516319,MEATS,0,86.3,712,26.52
2017-08-08,1,SKU-516319,MEATS,0,84.0,439,26.52
2017-08-09,1,SKU-516319,MEATS,0,85.0,413,26.52
2017-08-10,1,SKU-516319,MEATS,0,83.8,418,26.52
2017-08-11,1,SKU-516319,MEATS,0,81.3,565,26.52
2017-08-12,1,SKU-516319,MEATS,0,103.3,1318,26.52
2017-08-13,1,SKU-516319,MEATS,0,107.3,1244,26.52
2017-08-14,1,SKU-516319,MEATS,0,88.6,307,26.52
2017-08-15,1,SKU-516319,MEATS,0,87.2,1105,26.52
2017-08-16,1,SKU-516319,MEATS,0,85.2,686,26.52
2017-08-01,1,SKU-865245,MEATS,0,28.1,37,25.54
2017-08-02,1,SKU-865245,MEATS,1,38.7,71,25.54
2017-08-03,1,SKU-865245,MEATS,0,28.3,33,25.54
2017-08-04,1,SKU-865245,MEATS,0,29.2,308,25.54
2017-08-05,1,SKU-865245,MEATS,0,37.1,184,25.54
2017-08-06,1,SKU-865245,MEATS,1,46.3,320,25.54
2017-08-07,1,SKU-865245,MEATS,0,27.6,300,25.54
2017-08-08,1,SKU-865245,MEATS,0,27.0,233,25.54
2017-08-09,1,SKU-865245,MEATS,0,27.5,383,25.54
2017-08-10,1,SKU-865245,MEATS,1,37.5,288,25.54
2017-08-11,1,SKU-865245,MEATS,0,29.1,379,25.54
2017-08-12,1,SKU-865245,MEATS,0,36.9,262,25.54
2017-08-13,1,SKU-865245,MEATS,0,37.4,272,25.54
2017-08-14,1,SKU-865245,MEATS,0,28.8,112,25.54
2017-08-15,1,SKU-865245,MEATS,0,29.6,284,25.54
2017-08-16,1,SKU-865245,MEATS,1,37.4,289,25.54
2017-08-01,1,SKU-979871,MEATS,0,264.5,1484,11.61
2017-08-02,1,SKU-979871,MEATS,0,278.2,1368,11.61
2017-08-03,1,SKU-979871,MEATS,0,277.8,884,11.61
2017-08-04,1,SKU-979871,MEATS,0,272.5,1669,11.61
2017-08-05,1,SKU-979871,MEATS,1,454.0,4830,11.61
2017-08-06,1,SKU-979871,MEATS,0,326.0,394,11.61
2017-08-07,1,SKU-979871,MEATS,0,260.5,1207,11.61
2017-08-08,1,SKU-979871,MEATS,0,272.9,2249,11.61
2017-08-09,1,SKU-979871,MEATS,0,272.8,1570,11.61
2017-08-10,1,SKU-979871,MEATS,1,379.7,4085,11.61
2017-08-11,1,SKU-979871,MEATS,1,350.6,424,11.61
2017-08-12,1,SKU-979871,MEATS,1,457.3,2895,11.61
2017-08-13,1,SKU-979871,MEATS,1,466.2,1179,11.61
2017-08-14,1,SKU-979871,MEATS,0,256.8,2557,11.61
2017-08-15,1,SKU-979871,MEATS,0,282.3,2824,11.61
2017-08-16,1,SKU-979871,MEATS,0,261.0,1838,11.61
2017-08-01,1,SKU-398421,MEATS,1,251.1,2028,24.54
2017-08-02,1,SKU-398421,MEATS,1,236.6,60,24.54
2017-08-03,1,SKU-398421,MEATS,0,174.2,290,24.54
2017-08-04,1,SKU-398421,MEATS,1,239.4,2110,24.54
2017-08-05,1,SKU-398421,MEATS,1,303.8,931,24.54
2017-08-06,1,SKU-398421,MEATS,0,220.8,201,24.54
2017-08-07,1,SKU-398421,MEATS,0,180.3,816,24.54
2017-08-08,1,SKU-398421,MEATS,1,254.1,2793,24.54
2017-08-09,1,SKU-398421,MEATS,0,174.3,1734,24.54
2017-08-10,1,SKU-398421,MEATS,0,174.0,2053,24.54
2017-08-11,1,SKU-398421,MEATS,0,176.4,2153,24.54
2017-08-12,1,SKU-398421,MEATS,1,304.5,1518,24.54
2017-08-13,1,SKU-398421,MEATS,0,234.6,216,24.54
2017-08-14,1,SKU-398421,MEATS,0,189.7,703,24.54
2017-08-15,1,SKU-398421,MEATS,1,256.0,971,24.54
2017-08-16,1,SKU-398421,MEATS,1,238.6,2466,24.54
2017-08-01,1,SKU-343481,MEATS,0,225.6,1656,40.68
2017-08-02,1,SKU-343481,MEATS,0,229.8,3189,40.68
2017-08-03,1,SKU-343481,MEATS,0,228.1,360,40.68
2017-08-04,1,SKU-343481,MEATS,0,239.4,783,40.68
2017-08-05,1,SKU-343481,MEATS,1,386.0,2385,40.68
2017-08-06,1,SKU-343481,MEATS,1,386.0,3234,40.68
2017-08-07,1,SKU-343481,MEATS,1,320.1,2296,40.68
2017-08-08,1,SKU-343481,MEATS,1,332.5,852,40.68
2017-08-09,1,SKU-343481,MEATS,0,225.0,144,40.68
2017-08-10,1,SKU-343481,MEATS,0,246.0,1906,40.68
2017-08-11,1,SKU-343481,MEATS,0,226.3,2916,40.68
2017-08-12,1,SKU-343481,MEATS,0,291.0,3496,40.68
2017-08-13,1,SKU-343481,MEATS,0,286.9,1698,40.68
2017-08-14,1,SKU-343481,MEATS,1,329.8,333,40.68
2017-08-15,1,SKU-343481,MEATS,0,226.8,1699,40.68
2017-08-16,1,SKU-343481,MEATS,1,310.6,3298,40.68
2017-08-01,1,SKU-161852,MEATS,1,338.8,4500,20.02
2017-08-02,1,SKU-161852,MEATS,0,264.4,340,20.02
2017-08-03,1,SKU-161852,MEATS,0,268.1,3293,20.02
2017-08-04,1,SKU-161852,MEATS,0,252.7,1573,20.02
2017-08-05,1,SKU-161852,MEATS,0,333.0,868,20.02
2017-08-06,1,SKU-161852,MEATS,0,330.9,2238,20.02
2017-08-07,1,SKU-161852,MEATS,1,364.0,602,20.02
2017-08-08,1,SKU-161852,MEATS,1,338.5,1970,20.02
2017-08-09,1,SKU-161852,MEATS,0,248.3,1118,20.02
2017-08-10,1,SKU-161852,MEATS,0,268.0,2785,20.02
2017-08-11,1,SKU-161852,MEATS,1,351.4,1196,20.02
2017-08-12,1,SKU-161852,MEATS,0,319.7,1468,20.02
2017-08-13,1,SKU-161852,MEATS,0,326.5,1767,20.02
2017-08-14,1,SKU-161852,MEATS,0,245.4,759,20.02
2017-08-15,1,SKU-161852,MEATS,0,265.1,426,20.02
2017-08-16,1,SKU-161852,MEATS,1,343.9,362,20.02
2017-08-01,1,SKU-620027,MEATS,1,225.7,645,11.76
2017-08-02,1,SKU-620027,MEATS,1,241.4,984,11.76
2017-08-03,1,SKU-620027,MEATS,0,181.5,803,11.76
2017-08-04,1,SKU-620027,MEATS,0,175.5,2237,11.76
2017-08-05,1,SKU-620027,MEATS,0,227.2,1825,11.76
2017-08-06,1,SKU-620027,MEATS,0,226.7,3065,11.76
2017-08-07,1,SKU-620027,MEATS,0,168.9,2159,11.76
2017-08-08,1,SKU-620027,MEATS,0,174.1,1401,11.76
2017-08-09,1,SKU-620027,MEATS,1,242.9,3128,11.76
2017-08-10,1,SKU-620027,MEATS,0,171.6,1540,11.76
2017-08-11,1,SKU-620027,MEATS,0,176.8,1045,11.76
2017-08-12,1,SKU-620027,MEATS,0,220.6,2136,11.76
2017-08-13,1,SKU-620027,MEATS,1,298.5,698,11.76
2017-08-14,1,SKU-620027,MEATS,0,180.2,1047,11.76
2017-08-15,1,SKU-620027,MEATS,0,175.3,599,11.76
2017-08-16,1,SKU-620027,MEATS,1,226.7,1670,11.76
2017-08-01,1,SKU-747693,MEATS,0,28.0,370,14.1
2017-08-02,1,SKU-747693,MEATS,1,36.0,313,14.1
2017-08-03,1,SKU-747693,MEATS,0,28.3,55,14.1
2017-08-04,1,SKU-747693,MEATS,1,39.0,21,14.1
2017-08-05,1,SKU-747693,MEATS,1,48.1,338,14.1
2017-08-06,1,SKU-747693,MEATS,0,35.8,444,14.1
2017-08-07,1,SKU-747693,MEATS,1,37.9,439,14.1
2017-08-08,1,SKU-747693,MEATS,1,36.9,69,14.1
2017-08-09,1,SKU-747693,MEATS,1,39.4,73,14.1
2017-08-10,1,SKU-747693,MEATS,0,26.6,291,14.1
2017-08-11,1,SKU-747693,MEATS,1,37.6,221,14.1
2017-08-12,1,SKU-747693,MEATS,1,45.8,572,14.1
2017-08-13,1,SKU-747693,MEATS,0,35.4,266,14.1
2017-08-14,1,SKU-747693,MEATS,0,29.1,387,14.1
2017-08-15,1,SKU-747693,MEATS,1,36.4,176,14.1
2017-08-16,1,SKU-747693,MEATS,0,29.0,216,14.1
2017-08-01,1,SKU-704483,MEATS,0,72.4,184,35.18
2017-08-02,1,SKU-704483,MEATS,0,71.6,657,35.18
2017-08-03,1,SKU-704483,MEATS,0,73.2,241,35.18
2017-08-04,1,SKU-704483,MEATS,0,73.0,88,35.18
2017-08-05,1,SKU-704483,MEATS,0,86.4,769,35.18
2017-08-06,1,SKU-704483,MEATS,0,86.0,557,35.18
2017-08-07,1,SKU-704483,MEATS,0,68.5,295,35.18
2017-08-08,1,SKU-704483,MEATS,0,73.4,696,35.18
2017-08-09,1,SKU-704483,MEATS,1,93.6,364,35.18
2017-08-10,1,SKU-704483,MEATS,0,72.4,467,35.18
2017-08-11,1,SKU-704483,MEATS,1,99.5,109,35.18
2017-08-12,1,SKU-704483,MEATS,0,85.6,466,35.18
2017-08-13,1,SKU-704483,MEATS,0,92.0,39,35.18
2017-08-14,1,SKU-704483,MEATS,0,68.0,887,35.18
2017-08-15,1,SKU-704483,MEATS,0,73.2,996,35.18
2017-08-16,1,SKU-704483,MEATS,0,68.4,193,35.18
2017-08-01,1,SKU-179351,MEATS,1,83.0,39,37.39
2017-08-02,1,SKU-179351,MEATS,0,59.6,350,37.39
2017-08-03,1,SKU-179351,MEATS,1,85.0,295,37.39
2017-08-04,1,SKU-179351,MEATS,1,86.1,641,37.39
2017-08-05,1,SKU-179351,MEATS,0,80.6,721,37.39
2017-08-06,1,SKU-179351,MEATS,0,79.4,268,37.39
2017-08-07,1,SKU-179351,MEATS,1,83.0,705,37.39
2017-08-08,1,SKU-179351,MEATS,0,60.2,365,37.39
2017-08-09,1,SKU-179351,MEATS,0,63.0,256,37.39
2017-08-10,1,SKU-179351,MEATS,0,61.8,535,37.39
2017-08-11,1,SKU-179351,MEATS,0,58.3,749,37.39
2017-08-12,1,SKU-179351,MEATS,0,80.5,455,37.39
2017-08-13,1,SKU-179351,MEATS,0,75.0,866,37.39
2017-08-14,1,SKU-179351,MEATS,0,60.6,209,37.39
2017-08-15,1,SKU-179351,MEATS,1,85.8,453,37.39
2017-08-16,1,SKU-179351,MEATS,0,63.0,776,37.39
2017-08-01,1,SKU-689484,MEATS,0,257.5,2418,18.16
2017-08-02,1,SKU-689484,MEATS,0,256.9,1058,18.16
2017-08-03,1,SKU-689484,MEATS,0,256.0,22,18.16
2017-08-04,1,SKU-689484,MEATS,1,352.1,1099,18.16
2017-08-05,1,SKU-689484,MEATS,0,347.9,3083,18.16
2017-08-06,1,SKU-689484,MEATS,0,348.2,2493,18.16
2017-08-07,1,SKU-689484,MEATS,0,268.8,2639,18.16
2017-08-08,1,SKU-689484,MEATS,0,277.2,2440,18.16
2017-08-09,1,SKU-689484,MEATS,1,362.3,1678,18.16
2017-08-10,1,SKU-689484,MEATS,0,255.0,829,18.16
2017-08-11,1,SKU-689484,MEATS,1,364.9,859,18.16
2017-08-12,1,SKU-689484,MEATS,0,324.0,3883,18.16
2017-08-13,1,SKU-689484,MEATS,0,341.2,2903,18.16
2017-08-14,1,SKU-689484,MEATS,0,260.1,1476,18.16
2017-08-15,1,SKU-689484,MEATS,1,368.5,3814,18.16
2017-08-16,1,SKU-689484,MEATS,1,346.4,489,18.16
2017-08-01,1,SKU-832275,MEATS,1,327.0,4173,35.04
2017-08-02,1,SKU-832275,MEATS,0,233.5,2319,35.04
2017-08-03,1,SKU-832275,MEATS,0,250.4,293,35.04
2017-08-04,1,SKU-832275,MEATS,1,319.7,2934,35.04
2017-08-05,1,SKU-832275,MEATS,0,308.8,3103,35.04
2017-08-06,1,SKU-832275,MEATS,0,296.7,2237,35.04
2017-08-07,1,SKU-832275,MEATS,1,320.7,1141,35.04
2017-08-08,1,SKU-832275,MEATS,0,252.6,1276,35.04
2017-08-09,1,SKU-832275,MEATS,0,248.6,2436,35.04
2017-08-10,1,SKU-832275,MEATS,0,253.5,2161,35.04
2017-08-11,1,SKU-832275,MEATS,0,238.9,3006,35.04
2017-08-12,1,SKU-832275,MEATS,0,298.9,521,35.04
2017-08-13,1,SKU-832275,MEATS,1,416.3,3553,35.04
2017-08-14,1,SKU-832275,MEATS,0,245.4,2632,35.04
2017-08-15,1,SKU-832275,MEATS,0,249.1,1222,35.04
2017-08-16,1,SKU-832275,MEATS,1,311.2,2405,35.04
2017-08-01,1,SKU-289576,MEATS,1,100.6,1022,41.34
2017-08-02,1,SKU-289576,MEATS,0,78.0,203,41.34
2017-08-03,1,SKU-289576,MEATS,0,73.4,967,41.34
2017-08-04,1,SKU-289576,MEATS,1,99.9,842,41.34
2017-08-05,1,SKU-289576,MEATS,0,95.3,1167,41.34
2017-08-06,1,SKU-289576,MEATS,0,98.6,559,41.34
2017-08-07,1,SKU-289576,MEATS,0,76.9,1013,41.34
2017-08-08,1,SKU-289576,MEATS,1,100.4,1195,41.34
2017-08-09,1,SKU-289576,MEATS,1,101.9,482,41.34
2017-08-10,1,SKU-289576,MEATS,0,76.0,719,41.34
2017-08-11,1,SKU-289576,MEATS,0,73.4,354,41.34
2017-08-12,1,SKU-289576,MEATS,0,98.2,943,41.34
2017-08-13,1,SKU-289576,MEATS,0,97.3,370,41.34
2017-08-14,1,SKU-289576,MEATS,1,102.8,153,41.34
2017-08-15,1,SKU-289576,MEATS,0,75.4,197,41.34
2017-08-16,1,SKU-289576,MEATS,0,79.9,356,41.34
2017-08-01,1,SKU-764578,MEATS,0,117.4,69,2.49
2017-08-02,1,SKU-764578,MEATS,0,108.9,641,2.49
2017-08-03,1,SKU-764578,MEATS,1,154.8,1599,2.49
2017-08-04,1,SKU-764578,MEATS,0,118.3,1177,2.49
2017-08-05,1,SKU-764578,MEATS,0,142.0,1827,2.49
2017-08-06,1,SKU-764578,MEATS,0,146.0,858,2.49
2017-08-07,1,SKU-764578,MEATS,0,115.8,989,2.49
2017-08-08,1,SKU-764578,MEATS,0,114.7,342,2.49
2017-08-09,1,SKU-764578,MEATS,1,159.7,1993,2.49
2017-08-10,1,SKU-764578,MEATS,0,112.2,1271,2.49
2017-08-11,1,SKU-764578,MEATS,0,113.8,1477,2.49
2017-08-12,1,SKU-764578,MEATS,0,143.3,93,2.49
2017-08-13,1,SKU-764578,MEATS,0,136.0,1739,2.49
2017-08-14,1,SKU-764578,MEATS,0,112.9,1337,2.49
2017-08-15,1,SKU-764578,MEATS,0,114.5,482,2.49
2017-08-16,1,SKU-764578,MEATS,1,147.8,119,2.49
2017-08-01,1,SKU-946572,MEATS,1,150.5,458,10.42
2017-08-02,1,SKU-946572,MEATS,0,105.4,1306,10.42
2017-08-03,1,SKU-946572,MEATS,1,139.9,1632,10.42
2017-08-04,1,SKU-946572,MEATS,0,105.5,1358,10.42
2017-08-05,1,SKU-946572,MEATS,1,189.7,1220,10.42
2017-08-06,1,SKU-946572,MEATS,0,141.9,1308,10.42
2017-08-07,1,SKU-946572,MEATS,0,107.8,1331,10.42
2017-08-08,1,SKU-946572,MEATS,1,148.4,1524,10.42
2017-08-09,1,SKU-946572,MEATS,0,109.3,1057,10.42
2017-08-10,1,SKU-946572,MEATS,0,111.9,1454,10.42
2017-08-11,1,SKU-946572,MEATS,0,112.0,1046,10.42
2017-08-12,1,SKU-946572,MEATS,0,141.4,572,10.42
2017-08-13,1,SKU-946572,MEATS,1,181.1,1998,10.42
2017-08-14,1,SKU-946572,MEATS,0,104.1,562,10.42
2017-08-15,1,SKU-946572,MEATS,0,103.9,169,10.42
2017-08-16,1,SKU-946572,MEATS,1,151.7,1969,10.42
